fromId,toId,type,strength,basis,computedAt
designer,graphic_designer,인접,1.0,합치기후보|absorb:0.75|reverse:1.00|reqJaccard:0.36,2026-09-04
designer,motion_designer,인접,1.0,합치기후보|absorb:0.75|reverse:1.00|reqJaccard:0.36,2026-09-04
biz_analyst,biz_strategy,인접,1.0,합치기후보|absorb:1.00|reverse:0.75|reqJaccard:0.36,2026-09-04
graphic_designer,motion_designer,인접,1.0,합치기후보|absorb:1.00|reverse:1.00|reqJaccard:0.38,2026-09-04
biz_strategy,program_manager,인접,0.75,합치기후보|absorb:0.75|reverse:0.75|reqJaccard:0.33,2026-09-04
biz_analyst,data_analyst,인접,0.64,reqJaccard:0.64,2026-09-04
fe_dev,fullstack_dev,인접,0.47,reqJaccard:0.47,2026-09-04
product_manager,program_manager,인접,0.38,reqJaccard:0.38,2026-09-04
designer,product_designer,인접,0.36,reqJaccard:0.36,2026-09-04
biz_strategy,data_analyst,인접,0.36,reqJaccard:0.36,2026-09-04
architect,solutions_eng,인접,0.35,reqJaccard:0.35,2026-09-04
eng_lead,sw_eng,인접,0.29,reqJaccard:0.29,2026-09-04
biz_strategy,product_manager,인접,0.29,reqJaccard:0.29,2026-09-04
be_dev,sw_eng,인접,0.25,reqJaccard:0.25,2026-09-04
graphic_designer,growth_marketing,인접,0.25,reqJaccard:0.25,2026-09-04
product_designer,designer,포함,1.0,onet:15-1255.00|ncs:디지털디자인|absorb:1.00|reverse:0.67,2026-09-04
product_manager,program_manager,포함,1.0,onet:13-1082.00|onet:15-1299.09|ncs:IT프로젝트관리|absorb:1.00|reverse:0.67,2026-09-04
data_scientist,data_analyst,포함,1.0,ncs:빅데이터분석|absorb:1.00|reverse:0.50,2026-09-04
data_analyst,biz_analyst,포함,1.0,onet:15-2051.01|absorb:1.00|reverse:0.67,2026-09-04
fe_dev,fullstack_dev,포함,0.8,onet:15-1254.00|absorb:0.80|reverse:0.62,2026-09-04
