id,kind,publisher,company,title,url,salaryText,salaryLow,salaryHigh,level,publishedAt,collectedAt,lang,region,license,robotsOk,accessMethod,dupGroup,isPrimary,credibility,textRef,isSynthetic,synthesisBasis
syn_qa_eng_001,합성공고,synthetic,,[가상] 주니어 QA 엔지니어 (1형),,"5,300만원 이상",5300,,주니어,2026-07-31,2026-09-04,ko,KR,내부 생성,true,manual,dsyn_qa_eng_0,true,낮음,,true,qa_eng.v1 (실제 7건 분포)
syn_qa_eng_002,합성공고,synthetic,,[가상] 리드 QA 엔지니어 (2형),,"6,000만원 이상",6000,,리드,2026-07-15,2026-09-04,ko,KR,내부 생성,true,manual,dsyn_qa_eng_1,true,낮음,,true,qa_eng.v2 (실제 5건 분포)
syn_qa_eng_003,합성공고,synthetic,,[가상] 시니어 QA 엔지니어 (2형),,"5,400~6,000만원",5400,6000,시니어,2026-08-16,2026-09-04,ko,KR,내부 생성,true,manual,dsyn_qa_eng_2,true,낮음,,true,qa_eng.v2 (실제 5건 분포)
syn_qa_eng_004,합성공고,synthetic,,[가상] 주니어 QA 엔지니어 (2형),,면접 후 협의,,,주니어,2026-08-12,2026-09-04,ko,KR,내부 생성,true,manual,dsyn_qa_eng_3,true,낮음,,true,qa_eng.v2 (실제 5건 분포)
syn_qa_eng_005,합성공고,synthetic,,[가상] 리드 QA 엔지니어 (2형),,"6,000~6,900만원",6000,6900,리드,2026-01-28,2026-09-04,ko,KR,내부 생성,true,manual,dsyn_qa_eng_4,true,낮음,,true,qa_eng.v2 (실제 5건 분포)
syn_qa_eng_006,합성공고,synthetic,,[가상] 시니어 QA 엔지니어 (2형),,"5,600~6,400만원",5600,6400,시니어,2026-08-16,2026-09-04,ko,KR,내부 생성,true,manual,dsyn_qa_eng_5,true,낮음,,true,qa_eng.v2 (실제 5건 분포)
syn_qa_eng_007,합성공고,synthetic,,[가상] 주니어 QA 엔지니어 (2형),,"5,400~6,300만원",5400,6300,주니어,2025-12-31,2026-09-04,ko,KR,내부 생성,true,manual,dsyn_qa_eng_6,true,낮음,,true,qa_eng.v2 (실제 5건 분포)
syn_qa_eng_008,합성공고,synthetic,,[가상] 시니어 QA 엔지니어 (2형),,"5,500만원 이상",5500,,시니어,2025-11-26,2026-09-04,ko,KR,내부 생성,true,manual,dsyn_qa_eng_7,true,낮음,,true,qa_eng.v2 (실제 5건 분포)
syn_qa_eng_009,합성공고,synthetic,,[가상] 주니어 QA 엔지니어 (2형),,"5,100만원 이상",5100,,주니어,2026-03-17,2026-09-04,ko,KR,내부 생성,true,manual,dsyn_qa_eng_8,true,낮음,,true,qa_eng.v2 (실제 5건 분포)
syn_qa_eng_010,합성공고,synthetic,,[가상] 시니어 QA 엔지니어 (2형),,회사 내규에 따름,,,시니어,2026-01-14,2026-09-04,ko,KR,내부 생성,true,manual,dsyn_qa_eng_9,true,낮음,,true,qa_eng.v2 (실제 5건 분포)
syn_qa_eng_011,합성공고,synthetic,,[가상] 주니어 QA 엔지니어 (1형),,"5,400~6,300만원",5400,6300,주니어,2026-01-28,2026-09-04,ko,KR,내부 생성,true,manual,dsyn_qa_eng_10,true,낮음,,true,qa_eng.v1 (실제 7건 분포)
syn_qa_eng_012,합성공고,synthetic,,[가상] 신입 QA 엔지니어 (2형),,"4,900~5,400만원",4900,5400,신입,2026-05-20,2026-09-04,ko,KR,내부 생성,true,manual,dsyn_qa_eng_11,true,낮음,,true,qa_eng.v2 (실제 5건 분포)
syn_qa_eng_013,합성공고,synthetic,,[가상] 주니어 QA 엔지니어 (1형),,"5,100만원 이상",5100,,주니어,2025-12-03,2026-09-04,ko,KR,내부 생성,true,manual,dsyn_qa_eng_12,true,낮음,,true,qa_eng.v1 (실제 7건 분포)
syn_qa_eng_014,합성공고,synthetic,,[가상] 리드 QA 엔지니어 (2형),,"5,800만원 이상",5800,,리드,2025-12-28,2026-09-04,ko,KR,내부 생성,true,manual,dsyn_qa_eng_13,true,낮음,,true,qa_eng.v2 (실제 5건 분포)
syn_qa_eng_015,합성공고,synthetic,,[가상] 시니어 QA 엔지니어 (2형),,면접 후 협의,,,시니어,2026-06-10,2026-09-04,ko,KR,내부 생성,true,manual,dsyn_qa_eng_14,true,낮음,,true,qa_eng.v2 (실제 5건 분포)
syn_qa_eng_016,합성공고,synthetic,,[가상] 시니어 QA 엔지니어 (1형),,면접 후 협의,,,시니어,2026-06-03,2026-09-04,ko,KR,내부 생성,true,manual,dsyn_qa_eng_15,true,낮음,,true,qa_eng.v1 (실제 7건 분포)
syn_qa_eng_017,합성공고,synthetic,,[가상] 시니어 QA 엔지니어 (1형),,"5,700~6,300만원",5700,6300,시니어,2026-07-21,2026-09-04,ko,KR,내부 생성,true,manual,dsyn_qa_eng_16,true,낮음,,true,qa_eng.v1 (실제 7건 분포)
syn_qa_eng_018,합성공고,synthetic,,[가상] 시니어 QA 엔지니어 (2형),,면접 후 협의,,,시니어,2026-06-07,2026-09-04,ko,KR,내부 생성,true,manual,dsyn_qa_eng_17,true,낮음,,true,qa_eng.v2 (실제 5건 분포)
syn_qa_eng_019,합성공고,synthetic,,[가상] 시니어 QA 엔지니어 (2형),,면접 후 협의,,,시니어,2026-01-08,2026-09-04,ko,KR,내부 생성,true,manual,dsyn_qa_eng_18,true,낮음,,true,qa_eng.v2 (실제 5건 분포)
syn_qa_eng_020,합성공고,synthetic,,[가상] 주니어 QA 엔지니어 (1형),,"5,300만원 이상",5300,,주니어,2026-07-15,2026-09-04,ko,KR,내부 생성,true,manual,dsyn_qa_eng_19,true,낮음,,true,qa_eng.v1 (실제 7건 분포)
syn_qa_eng_021,합성공고,synthetic,,[가상] 신입 QA 엔지니어 (1형),,"5,300만원 이상",5300,,신입,2025-12-31,2026-09-04,ko,KR,내부 생성,true,manual,dsyn_qa_eng_20,true,낮음,,true,qa_eng.v1 (실제 7건 분포)
syn_qa_eng_022,합성공고,synthetic,,[가상] 시니어 QA 엔지니어 (1형),,면접 후 협의,,,시니어,2026-03-14,2026-09-04,ko,KR,내부 생성,true,manual,dsyn_qa_eng_21,true,낮음,,true,qa_eng.v1 (실제 7건 분포)
syn_qa_eng_023,합성공고,synthetic,,[가상] 주니어 QA 엔지니어 (2형),,면접 후 협의,,,주니어,2026-04-14,2026-09-04,ko,KR,내부 생성,true,manual,dsyn_qa_eng_22,true,낮음,,true,qa_eng.v2 (실제 5건 분포)
syn_qa_eng_024,합성공고,synthetic,,[가상] 시니어 QA 엔지니어 (2형),,"5,400~6,300만원",5400,6300,시니어,2026-01-01,2026-09-04,ko,KR,내부 생성,true,manual,dsyn_qa_eng_23,true,낮음,,true,qa_eng.v2 (실제 5건 분포)
syn_qa_eng_025,합성공고,synthetic,,[가상] 주니어 QA 엔지니어 (2형),,면접 후 협의,,,주니어,2026-08-12,2026-09-04,ko,KR,내부 생성,true,manual,dsyn_qa_eng_24,true,낮음,,true,qa_eng.v2 (실제 5건 분포)
syn_qa_eng_026,합성공고,synthetic,,[가상] 주니어 QA 엔지니어 (1형),,"5,100~5,900만원",5100,5900,주니어,2026-06-21,2026-09-04,ko,KR,내부 생성,true,manual,dsyn_qa_eng_25,true,낮음,,true,qa_eng.v1 (실제 7건 분포)
syn_qa_eng_027,합성공고,synthetic,,[가상] 주니어 QA 엔지니어 (1형),,회사 내규에 따름,,,주니어,2026-05-07,2026-09-04,ko,KR,내부 생성,true,manual,dsyn_qa_eng_26,true,낮음,,true,qa_eng.v1 (실제 7건 분포)
syn_qa_eng_028,합성공고,synthetic,,[가상] 리드 QA 엔지니어 (1형),,"6,000~6,800만원",6000,6800,리드,2026-06-29,2026-09-04,ko,KR,내부 생성,true,manual,dsyn_qa_eng_27,true,낮음,,true,qa_eng.v1 (실제 7건 분포)
syn_biz_strategy_001,합성공고,synthetic,,[가상] 주니어 사업·전략 기획 (1형),,"5,400~5,900만원",5400,5900,주니어,2026-07-03,2026-09-04,ko,KR,내부 생성,true,manual,dsyn_biz_strategy_0,true,낮음,,true,biz_strategy.v1 (실제 13건 분포)
syn_biz_strategy_002,합성공고,synthetic,,[가상] 주니어 사업·전략 기획 (1형),,회사 내규에 따름,,,주니어,2026-08-19,2026-09-04,ko,KR,내부 생성,true,manual,dsyn_biz_strategy_1,true,낮음,,true,biz_strategy.v1 (실제 13건 분포)
syn_biz_strategy_003,합성공고,synthetic,,[가상] 리드 사업·전략 기획 (1형),,"6,000만원 이상",6000,,리드,2026-06-28,2026-09-04,ko,KR,내부 생성,true,manual,dsyn_biz_strategy_2,true,낮음,,true,biz_strategy.v1 (실제 13건 분포)
syn_biz_strategy_004,합성공고,synthetic,,[가상] 주니어 사업·전략 기획 (1형),,"5,400만원 이상",5400,,주니어,2026-01-08,2026-09-04,ko,KR,내부 생성,true,manual,dsyn_biz_strategy_3,true,낮음,,true,biz_strategy.v1 (실제 13건 분포)
syn_biz_strategy_005,합성공고,synthetic,,[가상] 시니어 사업·전략 기획 (1형),,"5,500만원 이상",5500,,시니어,2026-03-08,2026-09-04,ko,KR,내부 생성,true,manual,dsyn_biz_strategy_4,true,낮음,,true,biz_strategy.v1 (실제 13건 분포)
syn_biz_strategy_006,합성공고,synthetic,,[가상] 시니어 사업·전략 기획 (1형),,"5,600~6,300만원",5600,6300,시니어,2026-02-04,2026-09-04,ko,KR,내부 생성,true,manual,dsyn_biz_strategy_5,true,낮음,,true,biz_strategy.v1 (실제 13건 분포)
syn_biz_strategy_007,합성공고,synthetic,,[가상] 시니어 사업·전략 기획 (1형),,"5,800만원 이상",5800,,시니어,2025-12-31,2026-09-04,ko,KR,내부 생성,true,manual,dsyn_biz_strategy_6,true,낮음,,true,biz_strategy.v1 (실제 13건 분포)
syn_biz_strategy_008,합성공고,synthetic,,[가상] 주니어 사업·전략 기획 (1형),,면접 후 협의,,,주니어,2026-04-13,2026-09-04,ko,KR,내부 생성,true,manual,dsyn_biz_strategy_7,true,낮음,,true,biz_strategy.v1 (실제 13건 분포)
syn_biz_strategy_009,합성공고,synthetic,,[가상] 시니어 사업·전략 기획 (1형),,"5,800~6,400만원",5800,6400,시니어,2025-12-30,2026-09-04,ko,KR,내부 생성,true,manual,dsyn_biz_strategy_8,true,낮음,,true,biz_strategy.v1 (실제 13건 분포)
syn_biz_strategy_010,합성공고,synthetic,,[가상] 시니어 사업·전략 기획 (1형),,"5,400~6,200만원",5400,6200,시니어,2025-12-22,2026-09-04,ko,KR,내부 생성,true,manual,dsyn_biz_strategy_9,true,낮음,,true,biz_strategy.v1 (실제 13건 분포)
syn_biz_strategy_011,합성공고,synthetic,,[가상] 리드 사업·전략 기획 (1형),,면접 후 협의,,,리드,2026-06-13,2026-09-04,ko,KR,내부 생성,true,manual,dsyn_biz_strategy_10,true,낮음,,true,biz_strategy.v1 (실제 13건 분포)
syn_biz_strategy_012,합성공고,synthetic,,[가상] 시니어 사업·전략 기획 (1형),,회사 내규에 따름,,,시니어,2026-03-07,2026-09-04,ko,KR,내부 생성,true,manual,dsyn_biz_strategy_11,true,낮음,,true,biz_strategy.v1 (실제 13건 분포)
syn_biz_strategy_013,합성공고,synthetic,,[가상] 신입 사업·전략 기획 (1형),,회사 내규에 따름,,,신입,2026-01-18,2026-09-04,ko,KR,내부 생성,true,manual,dsyn_biz_strategy_12,true,낮음,,true,biz_strategy.v1 (실제 13건 분포)
syn_biz_strategy_014,합성공고,synthetic,,[가상] 신입 사업·전략 기획 (1형),,"4,900~5,600만원",4900,5600,신입,2026-07-10,2026-09-04,ko,KR,내부 생성,true,manual,dsyn_biz_strategy_13,true,낮음,,true,biz_strategy.v1 (실제 13건 분포)
syn_biz_strategy_015,합성공고,synthetic,,[가상] 리드 사업·전략 기획 (1형),,회사 내규에 따름,,,리드,2026-05-16,2026-09-04,ko,KR,내부 생성,true,manual,dsyn_biz_strategy_14,true,낮음,,true,biz_strategy.v1 (실제 13건 분포)
syn_biz_strategy_016,합성공고,synthetic,,[가상] 주니어 사업·전략 기획 (1형),,면접 후 협의,,,주니어,2026-07-08,2026-09-04,ko,KR,내부 생성,true,manual,dsyn_biz_strategy_15,true,낮음,,true,biz_strategy.v1 (실제 13건 분포)
syn_biz_strategy_017,합성공고,synthetic,,[가상] 주니어 사업·전략 기획 (1형),,"5,300만원 이상",5300,,주니어,2026-08-24,2026-09-04,ko,KR,내부 생성,true,manual,dsyn_biz_strategy_16,true,낮음,,true,biz_strategy.v1 (실제 13건 분포)
syn_biz_strategy_018,합성공고,synthetic,,[가상] 주니어 사업·전략 기획 (1형),,"5,400~6,000만원",5400,6000,주니어,2026-05-12,2026-09-04,ko,KR,내부 생성,true,manual,dsyn_biz_strategy_17,true,낮음,,true,biz_strategy.v1 (실제 13건 분포)
syn_biz_strategy_019,합성공고,synthetic,,[가상] 시니어 사업·전략 기획 (1형),,"5,800~6,400만원",5800,6400,시니어,2026-03-29,2026-09-04,ko,KR,내부 생성,true,manual,dsyn_biz_strategy_18,true,낮음,,true,biz_strategy.v1 (실제 13건 분포)
syn_biz_strategy_020,합성공고,synthetic,,[가상] 시니어 사업·전략 기획 (1형),,면접 후 협의,,,시니어,2026-01-05,2026-09-04,ko,KR,내부 생성,true,manual,dsyn_biz_strategy_19,true,낮음,,true,biz_strategy.v1 (실제 13건 분포)
syn_biz_strategy_021,합성공고,synthetic,,[가상] 신입 사업·전략 기획 (1형),,회사 내규에 따름,,,신입,2025-11-18,2026-09-04,ko,KR,내부 생성,true,manual,dsyn_biz_strategy_20,true,낮음,,true,biz_strategy.v1 (실제 13건 분포)
syn_biz_strategy_022,합성공고,synthetic,,[가상] 시니어 사업·전략 기획 (1형),,"6,000만원 이상",6000,,시니어,2026-03-24,2026-09-04,ko,KR,내부 생성,true,manual,dsyn_biz_strategy_21,true,낮음,,true,biz_strategy.v1 (실제 13건 분포)
syn_biz_strategy_023,합성공고,synthetic,,[가상] 시니어 사업·전략 기획 (1형),,"5,800만원 이상",5800,,시니어,2026-06-07,2026-09-04,ko,KR,내부 생성,true,manual,dsyn_biz_strategy_22,true,낮음,,true,biz_strategy.v1 (실제 13건 분포)
syn_biz_strategy_024,합성공고,synthetic,,[가상] 주니어 사업·전략 기획 (1형),,회사 내규에 따름,,,주니어,2026-04-05,2026-09-04,ko,KR,내부 생성,true,manual,dsyn_biz_strategy_23,true,낮음,,true,biz_strategy.v1 (실제 13건 분포)
syn_biz_strategy_025,합성공고,synthetic,,[가상] 신입 사업·전략 기획 (1형),,회사 내규에 따름,,,신입,2026-06-21,2026-09-04,ko,KR,내부 생성,true,manual,dsyn_biz_strategy_24,true,낮음,,true,biz_strategy.v1 (실제 13건 분포)
syn_data_eng_001,합성공고,synthetic,,[가상] 신입 데이터 엔지니어 (2형),,"5,300~6,200만원",5300,6200,신입,2026-04-17,2026-09-04,ko,KR,내부 생성,true,manual,dsyn_data_eng_0,true,낮음,,true,data_eng.v2 (실제 13건 분포)
syn_data_eng_002,합성공고,synthetic,,[가상] 신입 데이터 엔지니어 (1형),,회사 내규에 따름,,,신입,2026-02-09,2026-09-04,ko,KR,내부 생성,true,manual,dsyn_data_eng_1,true,낮음,,true,data_eng.v1 (실제 21건 분포)
syn_data_eng_003,합성공고,synthetic,,[가상] 주니어 데이터 엔지니어 (1형),,회사 내규에 따름,,,주니어,2026-02-08,2026-09-04,ko,KR,내부 생성,true,manual,dsyn_data_eng_2,true,낮음,,true,data_eng.v1 (실제 21건 분포)
syn_data_eng_004,합성공고,synthetic,,[가상] 시니어 데이터 엔지니어 (1형),,"5,400만원 이상",5400,,시니어,2026-04-28,2026-09-04,ko,KR,내부 생성,true,manual,dsyn_data_eng_3,true,낮음,,true,data_eng.v1 (실제 21건 분포)
syn_data_eng_005,합성공고,synthetic,,[가상] 시니어 데이터 엔지니어 (1형),,회사 내규에 따름,,,시니어,2026-02-06,2026-09-04,ko,KR,내부 생성,true,manual,dsyn_data_eng_4,true,낮음,,true,data_eng.v1 (실제 21건 분포)
syn_data_eng_006,합성공고,synthetic,,[가상] 주니어 데이터 엔지니어 (2형),,"5,600만원 이상",5600,,주니어,2026-08-08,2026-09-04,ko,KR,내부 생성,true,manual,dsyn_data_eng_5,true,낮음,,true,data_eng.v2 (실제 13건 분포)
syn_growth_marketing_001,합성공고,synthetic,,[가상] 시니어 마케팅·그로스 (1형),,"5,900~6,700만원",5900,6700,시니어,2026-02-08,2026-09-04,ko,KR,내부 생성,true,manual,dsyn_growth_marketing_0,true,낮음,,true,growth_marketing.v1 (실제 6건 분포)
syn_growth_marketing_002,합성공고,synthetic,,[가상] 주니어 마케팅·그로스 (1형),,"5,500만원 이상",5500,,주니어,2025-12-25,2026-09-04,ko,KR,내부 생성,true,manual,dsyn_growth_marketing_1,true,낮음,,true,growth_marketing.v1 (실제 6건 분포)
syn_growth_marketing_003,합성공고,synthetic,,[가상] 주니어 마케팅·그로스 (1형),,"5,300만원 이상",5300,,주니어,2026-05-02,2026-09-04,ko,KR,내부 생성,true,manual,dsyn_growth_marketing_2,true,낮음,,true,growth_marketing.v1 (실제 6건 분포)
syn_growth_marketing_004,합성공고,synthetic,,[가상] 시니어 마케팅·그로스 (1형),,회사 내규에 따름,,,시니어,2026-01-07,2026-09-04,ko,KR,내부 생성,true,manual,dsyn_growth_marketing_3,true,낮음,,true,growth_marketing.v1 (실제 6건 분포)
syn_growth_marketing_005,합성공고,synthetic,,[가상] 시니어 마케팅·그로스 (1형),,"5,600만원 이상",5600,,시니어,2025-12-28,2026-09-04,ko,KR,내부 생성,true,manual,dsyn_growth_marketing_4,true,낮음,,true,growth_marketing.v1 (실제 6건 분포)
syn_growth_marketing_006,합성공고,synthetic,,[가상] 신입 마케팅·그로스 (1형),,"5,200~6,100만원",5200,6100,신입,2026-06-04,2026-09-04,ko,KR,내부 생성,true,manual,dsyn_growth_marketing_5,true,낮음,,true,growth_marketing.v1 (실제 6건 분포)
syn_growth_marketing_007,합성공고,synthetic,,[가상] 주니어 마케팅·그로스 (1형),,"5,100~6,000만원",5100,6000,주니어,2026-01-30,2026-09-04,ko,KR,내부 생성,true,manual,dsyn_growth_marketing_6,true,낮음,,true,growth_marketing.v1 (실제 6건 분포)
syn_growth_marketing_008,합성공고,synthetic,,[가상] 신입 마케팅·그로스 (1형),,"4,900만원 이상",4900,,신입,2026-05-24,2026-09-04,ko,KR,내부 생성,true,manual,dsyn_growth_marketing_7,true,낮음,,true,growth_marketing.v1 (실제 6건 분포)
syn_growth_marketing_009,합성공고,synthetic,,[가상] 시니어 마케팅·그로스 (1형),,"5,700~6,500만원",5700,6500,시니어,2026-04-07,2026-09-04,ko,KR,내부 생성,true,manual,dsyn_growth_marketing_8,true,낮음,,true,growth_marketing.v1 (실제 6건 분포)
syn_growth_marketing_010,합성공고,synthetic,,[가상] 리드 마케팅·그로스 (1형),,"6,200~6,800만원",6200,6800,리드,2026-06-08,2026-09-04,ko,KR,내부 생성,true,manual,dsyn_growth_marketing_9,true,낮음,,true,growth_marketing.v1 (실제 6건 분포)
syn_growth_marketing_011,합성공고,synthetic,,[가상] 신입 마케팅·그로스 (1형),,"5,200~5,800만원",5200,5800,신입,2025-11-30,2026-09-04,ko,KR,내부 생성,true,manual,dsyn_growth_marketing_10,true,낮음,,true,growth_marketing.v1 (실제 6건 분포)
syn_growth_marketing_012,합성공고,synthetic,,[가상] 리드 마케팅·그로스 (1형),,면접 후 협의,,,리드,2026-03-11,2026-09-04,ko,KR,내부 생성,true,manual,dsyn_growth_marketing_11,true,낮음,,true,growth_marketing.v1 (실제 6건 분포)
syn_growth_marketing_013,합성공고,synthetic,,[가상] 주니어 마케팅·그로스 (1형),,회사 내규에 따름,,,주니어,2026-06-03,2026-09-04,ko,KR,내부 생성,true,manual,dsyn_growth_marketing_12,true,낮음,,true,growth_marketing.v1 (실제 6건 분포)
syn_growth_marketing_014,합성공고,synthetic,,[가상] 신입 마케팅·그로스 (1형),,"4,800~5,700만원",4800,5700,신입,2025-12-18,2026-09-04,ko,KR,내부 생성,true,manual,dsyn_growth_marketing_13,true,낮음,,true,growth_marketing.v1 (실제 6건 분포)
syn_growth_marketing_015,합성공고,synthetic,,[가상] 시니어 마케팅·그로스 (1형),,회사 내규에 따름,,,시니어,2026-06-19,2026-09-04,ko,KR,내부 생성,true,manual,dsyn_growth_marketing_14,true,낮음,,true,growth_marketing.v1 (실제 6건 분포)
syn_growth_marketing_016,합성공고,synthetic,,[가상] 신입 마케팅·그로스 (1형),,회사 내규에 따름,,,신입,2026-02-23,2026-09-04,ko,KR,내부 생성,true,manual,dsyn_growth_marketing_15,true,낮음,,true,growth_marketing.v1 (실제 6건 분포)
syn_growth_marketing_017,합성공고,synthetic,,[가상] 주니어 마케팅·그로스 (1형),,"5,500만원 이상",5500,,주니어,2026-01-07,2026-09-04,ko,KR,내부 생성,true,manual,dsyn_growth_marketing_16,true,낮음,,true,growth_marketing.v1 (실제 6건 분포)
syn_growth_marketing_018,합성공고,synthetic,,[가상] 시니어 마케팅·그로스 (1형),,"5,600~6,600만원",5600,6600,시니어,2026-08-13,2026-09-04,ko,KR,내부 생성,true,manual,dsyn_growth_marketing_17,true,낮음,,true,growth_marketing.v1 (실제 6건 분포)
syn_growth_marketing_019,합성공고,synthetic,,[가상] 주니어 마케팅·그로스 (1형),,면접 후 협의,,,주니어,2026-08-15,2026-09-04,ko,KR,내부 생성,true,manual,dsyn_growth_marketing_18,true,낮음,,true,growth_marketing.v1 (실제 6건 분포)
syn_growth_marketing_020,합성공고,synthetic,,[가상] 시니어 마케팅·그로스 (1형),,"5,500~6,400만원",5500,6400,시니어,2026-01-27,2026-09-04,ko,KR,내부 생성,true,manual,dsyn_growth_marketing_19,true,낮음,,true,growth_marketing.v1 (실제 6건 분포)
syn_growth_marketing_021,합성공고,synthetic,,[가상] 시니어 마케팅·그로스 (1형),,회사 내규에 따름,,,시니어,2026-05-11,2026-09-04,ko,KR,내부 생성,true,manual,dsyn_growth_marketing_20,true,낮음,,true,growth_marketing.v1 (실제 6건 분포)
syn_growth_marketing_022,합성공고,synthetic,,[가상] 주니어 마케팅·그로스 (1형),,회사 내규에 따름,,,주니어,2026-01-31,2026-09-04,ko,KR,내부 생성,true,manual,dsyn_growth_marketing_21,true,낮음,,true,growth_marketing.v1 (실제 6건 분포)
syn_growth_marketing_023,합성공고,synthetic,,[가상] 주니어 마케팅·그로스 (1형),,"5,500~6,300만원",5500,6300,주니어,2026-07-14,2026-09-04,ko,KR,내부 생성,true,manual,dsyn_growth_marketing_22,true,낮음,,true,growth_marketing.v1 (실제 6건 분포)
syn_growth_marketing_024,합성공고,synthetic,,[가상] 주니어 마케팅·그로스 (1형),,"5,200만원 이상",5200,,주니어,2026-08-14,2026-09-04,ko,KR,내부 생성,true,manual,dsyn_growth_marketing_23,true,낮음,,true,growth_marketing.v1 (실제 6건 분포)
syn_growth_marketing_025,합성공고,synthetic,,[가상] 시니어 마케팅·그로스 (1형),,면접 후 협의,,,시니어,2026-06-09,2026-09-04,ko,KR,내부 생성,true,manual,dsyn_growth_marketing_24,true,낮음,,true,growth_marketing.v1 (실제 6건 분포)
syn_growth_marketing_026,합성공고,synthetic,,[가상] 주니어 마케팅·그로스 (1형),,면접 후 협의,,,주니어,2026-08-13,2026-09-04,ko,KR,내부 생성,true,manual,dsyn_growth_marketing_25,true,낮음,,true,growth_marketing.v1 (실제 6건 분포)
syn_growth_marketing_027,합성공고,synthetic,,[가상] 시니어 마케팅·그로스 (1형),,"5,500~6,300만원",5500,6300,시니어,2026-04-17,2026-09-04,ko,KR,내부 생성,true,manual,dsyn_growth_marketing_26,true,낮음,,true,growth_marketing.v1 (실제 6건 분포)
syn_growth_marketing_028,합성공고,synthetic,,[가상] 주니어 마케팅·그로스 (1형),,"5,300~6,100만원",5300,6100,주니어,2026-03-27,2026-09-04,ko,KR,내부 생성,true,manual,dsyn_growth_marketing_27,true,낮음,,true,growth_marketing.v1 (실제 6건 분포)
syn_growth_marketing_029,합성공고,synthetic,,[가상] 리드 마케팅·그로스 (1형),,면접 후 협의,,,리드,2026-06-04,2026-09-04,ko,KR,내부 생성,true,manual,dsyn_growth_marketing_28,true,낮음,,true,growth_marketing.v1 (실제 6건 분포)
syn_growth_marketing_030,합성공고,synthetic,,[가상] 주니어 마케팅·그로스 (1형),,회사 내규에 따름,,,주니어,2026-03-02,2026-09-04,ko,KR,내부 생성,true,manual,dsyn_growth_marketing_29,true,낮음,,true,growth_marketing.v1 (실제 6건 분포)
syn_growth_marketing_031,합성공고,synthetic,,[가상] 시니어 마케팅·그로스 (1형),,면접 후 협의,,,시니어,2026-08-17,2026-09-04,ko,KR,내부 생성,true,manual,dsyn_growth_marketing_30,true,낮음,,true,growth_marketing.v1 (실제 6건 분포)
syn_growth_marketing_032,합성공고,synthetic,,[가상] 시니어 마케팅·그로스 (1형),,"5,700~6,400만원",5700,6400,시니어,2025-12-10,2026-09-04,ko,KR,내부 생성,true,manual,dsyn_growth_marketing_31,true,낮음,,true,growth_marketing.v1 (실제 6건 분포)
syn_growth_marketing_033,합성공고,synthetic,,[가상] 시니어 마케팅·그로스 (1형),,"5,600~6,300만원",5600,6300,시니어,2026-08-25,2026-09-04,ko,KR,내부 생성,true,manual,dsyn_growth_marketing_32,true,낮음,,true,growth_marketing.v1 (실제 6건 분포)
syn_growth_marketing_034,합성공고,synthetic,,[가상] 리드 마케팅·그로스 (1형),,회사 내규에 따름,,,리드,2026-06-03,2026-09-04,ko,KR,내부 생성,true,manual,dsyn_growth_marketing_33,true,낮음,,true,growth_marketing.v1 (실제 6건 분포)
syn_solutions_eng_001,합성공고,synthetic,,[가상] 신입 솔루션·세일즈 엔지니어 (2형),,면접 후 협의,,,신입,2026-04-27,2026-09-04,ko,KR,내부 생성,true,manual,dsyn_solutions_eng_0,true,낮음,,true,solutions_eng.v2 (실제 12건 분포)
syn_solutions_eng_002,합성공고,synthetic,,[가상] 리드 솔루션·세일즈 엔지니어 (2형),,회사 내규에 따름,,,리드,2026-07-07,2026-09-04,ko,KR,내부 생성,true,manual,dsyn_solutions_eng_1,true,낮음,,true,solutions_eng.v2 (실제 12건 분포)
syn_solutions_eng_003,합성공고,synthetic,,[가상] 리드 솔루션·세일즈 엔지니어 (1형),,회사 내규에 따름,,,리드,2026-07-27,2026-09-04,ko,KR,내부 생성,true,manual,dsyn_solutions_eng_2,true,낮음,,true,solutions_eng.v1 (실제 10건 분포)
syn_solutions_eng_004,합성공고,synthetic,,[가상] 리드 솔루션·세일즈 엔지니어 (2형),,"6,100~6,700만원",6100,6700,리드,2026-02-28,2026-09-04,ko,KR,내부 생성,true,manual,dsyn_solutions_eng_3,true,낮음,,true,solutions_eng.v2 (실제 12건 분포)
syn_solutions_eng_005,합성공고,synthetic,,[가상] 시니어 솔루션·세일즈 엔지니어 (2형),,"5,900~6,700만원",5900,6700,시니어,2026-06-08,2026-09-04,ko,KR,내부 생성,true,manual,dsyn_solutions_eng_4,true,낮음,,true,solutions_eng.v2 (실제 12건 분포)
syn_solutions_eng_006,합성공고,synthetic,,[가상] 주니어 솔루션·세일즈 엔지니어 (2형),,"5,500만원 이상",5500,,주니어,2025-11-30,2026-09-04,ko,KR,내부 생성,true,manual,dsyn_solutions_eng_5,true,낮음,,true,solutions_eng.v2 (실제 12건 분포)
syn_solutions_eng_007,합성공고,synthetic,,[가상] 주니어 솔루션·세일즈 엔지니어 (1형),,"5,300~6,100만원",5300,6100,주니어,2026-05-19,2026-09-04,ko,KR,내부 생성,true,manual,dsyn_solutions_eng_6,true,낮음,,true,solutions_eng.v1 (실제 10건 분포)
syn_solutions_eng_008,합성공고,synthetic,,[가상] 주니어 솔루션·세일즈 엔지니어 (1형),,"5,200~6,000만원",5200,6000,주니어,2026-03-19,2026-09-04,ko,KR,내부 생성,true,manual,dsyn_solutions_eng_7,true,낮음,,true,solutions_eng.v1 (실제 10건 분포)
syn_solutions_eng_009,합성공고,synthetic,,[가상] 신입 솔루션·세일즈 엔지니어 (2형),,회사 내규에 따름,,,신입,2026-01-21,2026-09-04,ko,KR,내부 생성,true,manual,dsyn_solutions_eng_8,true,낮음,,true,solutions_eng.v2 (실제 12건 분포)
syn_solutions_eng_010,합성공고,synthetic,,[가상] 시니어 솔루션·세일즈 엔지니어 (2형),,면접 후 협의,,,시니어,2026-03-24,2026-09-04,ko,KR,내부 생성,true,manual,dsyn_solutions_eng_9,true,낮음,,true,solutions_eng.v2 (실제 12건 분포)
syn_solutions_eng_011,합성공고,synthetic,,[가상] 시니어 솔루션·세일즈 엔지니어 (2형),,회사 내규에 따름,,,시니어,2026-08-24,2026-09-04,ko,KR,내부 생성,true,manual,dsyn_solutions_eng_10,true,낮음,,true,solutions_eng.v2 (실제 12건 분포)
syn_solutions_eng_012,합성공고,synthetic,,[가상] 주니어 솔루션·세일즈 엔지니어 (2형),,면접 후 협의,,,주니어,2026-03-25,2026-09-04,ko,KR,내부 생성,true,manual,dsyn_solutions_eng_11,true,낮음,,true,solutions_eng.v2 (실제 12건 분포)
syn_solutions_eng_013,합성공고,synthetic,,[가상] 시니어 솔루션·세일즈 엔지니어 (1형),,회사 내규에 따름,,,시니어,2026-01-15,2026-09-04,ko,KR,내부 생성,true,manual,dsyn_solutions_eng_12,true,낮음,,true,solutions_eng.v1 (실제 10건 분포)
syn_solutions_eng_014,합성공고,synthetic,,[가상] 시니어 솔루션·세일즈 엔지니어 (2형),,"5,400~6,200만원",5400,6200,시니어,2026-05-21,2026-09-04,ko,KR,내부 생성,true,manual,dsyn_solutions_eng_13,true,낮음,,true,solutions_eng.v2 (실제 12건 분포)
syn_solutions_eng_015,합성공고,synthetic,,[가상] 시니어 솔루션·세일즈 엔지니어 (2형),,"5,800~6,700만원",5800,6700,시니어,2026-04-17,2026-09-04,ko,KR,내부 생성,true,manual,dsyn_solutions_eng_14,true,낮음,,true,solutions_eng.v2 (실제 12건 분포)
syn_solutions_eng_016,합성공고,synthetic,,[가상] 시니어 솔루션·세일즈 엔지니어 (2형),,"5,400~5,900만원",5400,5900,시니어,2025-12-28,2026-09-04,ko,KR,내부 생성,true,manual,dsyn_solutions_eng_15,true,낮음,,true,solutions_eng.v2 (실제 12건 분포)
syn_solutions_eng_017,합성공고,synthetic,,[가상] 신입 솔루션·세일즈 엔지니어 (2형),,"5,000만원 이상",5000,,신입,2026-07-17,2026-09-04,ko,KR,내부 생성,true,manual,dsyn_solutions_eng_16,true,낮음,,true,solutions_eng.v2 (실제 12건 분포)
syn_solutions_eng_018,합성공고,synthetic,,[가상] 시니어 솔루션·세일즈 엔지니어 (1형),,면접 후 협의,,,시니어,2026-07-31,2026-09-04,ko,KR,내부 생성,true,manual,dsyn_solutions_eng_17,true,낮음,,true,solutions_eng.v1 (실제 10건 분포)
syn_designer_001,합성공고,synthetic,,[가상] 리드 디자이너(일반) (2형),,"4,600~4,900만원",4600,4900,리드,2026-03-28,2026-09-04,ko,KR,내부 생성,true,manual,dsyn_designer_0,true,낮음,,true,designer.v2 (실제 18건 분포)
syn_designer_002,합성공고,synthetic,,[가상] 주니어 디자이너(일반) (2형),,"4,300~4,600만원",4300,4600,주니어,2026-01-01,2026-09-04,ko,KR,내부 생성,true,manual,dsyn_designer_1,true,낮음,,true,designer.v2 (실제 18건 분포)
syn_designer_003,합성공고,synthetic,,[가상] 주니어 디자이너(일반) (2형),,"4,100~4,400만원",4100,4400,주니어,2026-02-05,2026-09-04,ko,KR,내부 생성,true,manual,dsyn_designer_2,true,낮음,,true,designer.v2 (실제 18건 분포)
syn_designer_004,합성공고,synthetic,,[가상] 시니어 디자이너(일반) (1형),,회사 내규에 따름,,,시니어,2026-03-22,2026-09-04,ko,KR,내부 생성,true,manual,dsyn_designer_3,true,낮음,,true,designer.v1 (실제 10건 분포)
syn_designer_005,합성공고,synthetic,,[가상] 주니어 디자이너(일반) (2형),,"4,200~4,500만원",4200,4500,주니어,2025-12-08,2026-09-04,ko,KR,내부 생성,true,manual,dsyn_designer_4,true,낮음,,true,designer.v2 (실제 18건 분포)
syn_designer_006,합성공고,synthetic,,[가상] 시니어 디자이너(일반) (1형),,면접 후 협의,,,시니어,2026-03-29,2026-09-04,ko,KR,내부 생성,true,manual,dsyn_designer_5,true,낮음,,true,designer.v1 (실제 10건 분포)
syn_designer_007,합성공고,synthetic,,[가상] 시니어 디자이너(일반) (2형),,회사 내규에 따름,,,시니어,2026-06-14,2026-09-04,ko,KR,내부 생성,true,manual,dsyn_designer_6,true,낮음,,true,designer.v2 (실제 18건 분포)
syn_designer_008,합성공고,synthetic,,[가상] 시니어 디자이너(일반) (2형),,회사 내규에 따름,,,시니어,2026-05-04,2026-09-04,ko,KR,내부 생성,true,manual,dsyn_designer_7,true,낮음,,true,designer.v2 (실제 18건 분포)
syn_designer_009,합성공고,synthetic,,[가상] 시니어 디자이너(일반) (1형),,"4,400~4,800만원",4400,4800,시니어,2026-01-23,2026-09-04,ko,KR,내부 생성,true,manual,dsyn_designer_8,true,낮음,,true,designer.v1 (실제 10건 분포)
syn_designer_010,합성공고,synthetic,,[가상] 신입 디자이너(일반) (2형),,"4,000~4,400만원",4000,4400,신입,2026-03-13,2026-09-04,ko,KR,내부 생성,true,manual,dsyn_designer_9,true,낮음,,true,designer.v2 (실제 18건 분포)
syn_designer_011,합성공고,synthetic,,[가상] 신입 디자이너(일반) (1형),,면접 후 협의,,,신입,2026-06-09,2026-09-04,ko,KR,내부 생성,true,manual,dsyn_designer_10,true,낮음,,true,designer.v1 (실제 10건 분포)
syn_designer_012,합성공고,synthetic,,[가상] 주니어 디자이너(일반) (2형),,"4,100만원 이상",4100,,주니어,2026-02-06,2026-09-04,ko,KR,내부 생성,true,manual,dsyn_designer_11,true,낮음,,true,designer.v2 (실제 18건 분포)
syn_data_analyst_001,합성공고,synthetic,,[가상] 신입 데이터 분석가 (2형),,"5,000~5,600만원",5000,5600,신입,2026-02-05,2026-09-04,ko,KR,내부 생성,true,manual,dsyn_data_analyst_0,true,낮음,,true,data_analyst.v2 (실제 11건 분포)
syn_data_analyst_002,합성공고,synthetic,,[가상] 주니어 데이터 분석가 (1형),,"5,200~5,800만원",5200,5800,주니어,2026-05-02,2026-09-04,ko,KR,내부 생성,true,manual,dsyn_data_analyst_1,true,낮음,,true,data_analyst.v1 (실제 15건 분포)
syn_data_analyst_003,합성공고,synthetic,,[가상] 주니어 데이터 분석가 (1형),,"5,600~6,100만원",5600,6100,주니어,2026-01-21,2026-09-04,ko,KR,내부 생성,true,manual,dsyn_data_analyst_2,true,낮음,,true,data_analyst.v1 (실제 15건 분포)
syn_data_analyst_004,합성공고,synthetic,,[가상] 주니어 데이터 분석가 (2형),,회사 내규에 따름,,,주니어,2026-03-13,2026-09-04,ko,KR,내부 생성,true,manual,dsyn_data_analyst_3,true,낮음,,true,data_analyst.v2 (실제 11건 분포)
syn_data_analyst_005,합성공고,synthetic,,[가상] 신입 데이터 분석가 (2형),,면접 후 협의,,,신입,2026-04-16,2026-09-04,ko,KR,내부 생성,true,manual,dsyn_data_analyst_4,true,낮음,,true,data_analyst.v2 (실제 11건 분포)
syn_data_analyst_006,합성공고,synthetic,,[가상] 시니어 데이터 분석가 (1형),,"5,800~6,700만원",5800,6700,시니어,2025-11-12,2026-09-04,ko,KR,내부 생성,true,manual,dsyn_data_analyst_5,true,낮음,,true,data_analyst.v1 (실제 15건 분포)
syn_data_analyst_007,합성공고,synthetic,,[가상] 리드 데이터 분석가 (2형),,회사 내규에 따름,,,리드,2026-06-16,2026-09-04,ko,KR,내부 생성,true,manual,dsyn_data_analyst_6,true,낮음,,true,data_analyst.v2 (실제 11건 분포)
syn_data_analyst_008,합성공고,synthetic,,[가상] 주니어 데이터 분석가 (2형),,면접 후 협의,,,주니어,2026-04-02,2026-09-04,ko,KR,내부 생성,true,manual,dsyn_data_analyst_7,true,낮음,,true,data_analyst.v2 (실제 11건 분포)
syn_data_analyst_009,합성공고,synthetic,,[가상] 신입 데이터 분석가 (2형),,"5,100~6,000만원",5100,6000,신입,2026-06-14,2026-09-04,ko,KR,내부 생성,true,manual,dsyn_data_analyst_8,true,낮음,,true,data_analyst.v2 (실제 11건 분포)
syn_data_analyst_010,합성공고,synthetic,,[가상] 주니어 데이터 분석가 (2형),,면접 후 협의,,,주니어,2026-05-19,2026-09-04,ko,KR,내부 생성,true,manual,dsyn_data_analyst_9,true,낮음,,true,data_analyst.v2 (실제 11건 분포)
syn_data_analyst_011,합성공고,synthetic,,[가상] 시니어 데이터 분석가 (2형),,"5,800~6,300만원",5800,6300,시니어,2025-11-18,2026-09-04,ko,KR,내부 생성,true,manual,dsyn_data_analyst_10,true,낮음,,true,data_analyst.v2 (실제 11건 분포)
syn_data_analyst_012,합성공고,synthetic,,[가상] 신입 데이터 분석가 (1형),,"5,300만원 이상",5300,,신입,2026-02-08,2026-09-04,ko,KR,내부 생성,true,manual,dsyn_data_analyst_11,true,낮음,,true,data_analyst.v1 (실제 15건 분포)
syn_data_analyst_013,합성공고,synthetic,,[가상] 주니어 데이터 분석가 (2형),,면접 후 협의,,,주니어,2026-01-14,2026-09-04,ko,KR,내부 생성,true,manual,dsyn_data_analyst_12,true,낮음,,true,data_analyst.v2 (실제 11건 분포)
syn_data_analyst_014,합성공고,synthetic,,[가상] 신입 데이터 분석가 (1형),,면접 후 협의,,,신입,2026-03-12,2026-09-04,ko,KR,내부 생성,true,manual,dsyn_data_analyst_13,true,낮음,,true,data_analyst.v1 (실제 15건 분포)
syn_embedded_dev_001,합성공고,synthetic,,[가상] 시니어 임베디드·펌웨어 (1형),,면접 후 협의,,,시니어,2026-06-29,2026-09-04,ko,KR,내부 생성,true,manual,dsyn_embedded_dev_0,true,낮음,,true,embedded_dev.v1 (실제 10건 분포)
syn_embedded_dev_002,합성공고,synthetic,,[가상] 시니어 임베디드·펌웨어 (1형),,"5,500만원 이상",5500,,시니어,2026-02-03,2026-09-04,ko,KR,내부 생성,true,manual,dsyn_embedded_dev_1,true,낮음,,true,embedded_dev.v1 (실제 10건 분포)
syn_embedded_dev_003,합성공고,synthetic,,[가상] 신입 임베디드·펌웨어 (1형),,"5,100~5,900만원",5100,5900,신입,2026-01-03,2026-09-04,ko,KR,내부 생성,true,manual,dsyn_embedded_dev_2,true,낮음,,true,embedded_dev.v1 (실제 10건 분포)
syn_embedded_dev_004,합성공고,synthetic,,[가상] 신입 임베디드·펌웨어 (1형),,"5,300~5,900만원",5300,5900,신입,2026-07-29,2026-09-04,ko,KR,내부 생성,true,manual,dsyn_embedded_dev_3,true,낮음,,true,embedded_dev.v1 (실제 10건 분포)
syn_embedded_dev_005,합성공고,synthetic,,[가상] 신입 임베디드·펌웨어 (1형),,"5,000~5,800만원",5000,5800,신입,2025-12-23,2026-09-04,ko,KR,내부 생성,true,manual,dsyn_embedded_dev_4,true,낮음,,true,embedded_dev.v1 (실제 10건 분포)
syn_embedded_dev_006,합성공고,synthetic,,[가상] 주니어 임베디드·펌웨어 (1형),,회사 내규에 따름,,,주니어,2026-07-03,2026-09-04,ko,KR,내부 생성,true,manual,dsyn_embedded_dev_5,true,낮음,,true,embedded_dev.v1 (실제 10건 분포)
syn_embedded_dev_007,합성공고,synthetic,,[가상] 주니어 임베디드·펌웨어 (1형),,회사 내규에 따름,,,주니어,2026-05-17,2026-09-04,ko,KR,내부 생성,true,manual,dsyn_embedded_dev_6,true,낮음,,true,embedded_dev.v1 (실제 10건 분포)
syn_embedded_dev_008,합성공고,synthetic,,[가상] 신입 임베디드·펌웨어 (1형),,회사 내규에 따름,,,신입,2025-11-30,2026-09-04,ko,KR,내부 생성,true,manual,dsyn_embedded_dev_7,true,낮음,,true,embedded_dev.v1 (실제 10건 분포)
syn_embedded_dev_009,합성공고,synthetic,,[가상] 신입 임베디드·펌웨어 (1형),,"5,000~5,600만원",5000,5600,신입,2026-03-05,2026-09-04,ko,KR,내부 생성,true,manual,dsyn_embedded_dev_8,true,낮음,,true,embedded_dev.v1 (실제 10건 분포)
syn_embedded_dev_010,합성공고,synthetic,,[가상] 시니어 임베디드·펌웨어 (1형),,"5,700~6,500만원",5700,6500,시니어,2026-08-10,2026-09-04,ko,KR,내부 생성,true,manual,dsyn_embedded_dev_9,true,낮음,,true,embedded_dev.v1 (실제 10건 분포)
syn_embedded_dev_011,합성공고,synthetic,,[가상] 시니어 임베디드·펌웨어 (1형),,"5,800만원 이상",5800,,시니어,2026-05-10,2026-09-04,ko,KR,내부 생성,true,manual,dsyn_embedded_dev_10,true,낮음,,true,embedded_dev.v1 (실제 10건 분포)
syn_embedded_dev_012,합성공고,synthetic,,[가상] 신입 임베디드·펌웨어 (1형),,회사 내규에 따름,,,신입,2026-02-11,2026-09-04,ko,KR,내부 생성,true,manual,dsyn_embedded_dev_11,true,낮음,,true,embedded_dev.v1 (실제 10건 분포)
syn_embedded_dev_013,합성공고,synthetic,,[가상] 주니어 임베디드·펌웨어 (1형),,"5,200만원 이상",5200,,주니어,2026-05-13,2026-09-04,ko,KR,내부 생성,true,manual,dsyn_embedded_dev_12,true,낮음,,true,embedded_dev.v1 (실제 10건 분포)
syn_embedded_dev_014,합성공고,synthetic,,[가상] 주니어 임베디드·펌웨어 (1형),,"5,500~6,000만원",5500,6000,주니어,2026-04-24,2026-09-04,ko,KR,내부 생성,true,manual,dsyn_embedded_dev_13,true,낮음,,true,embedded_dev.v1 (실제 10건 분포)
syn_embedded_dev_015,합성공고,synthetic,,[가상] 리드 임베디드·펌웨어 (1형),,"6,300~7,300만원",6300,7300,리드,2026-06-03,2026-09-04,ko,KR,내부 생성,true,manual,dsyn_embedded_dev_14,true,낮음,,true,embedded_dev.v1 (실제 10건 분포)
syn_embedded_dev_016,합성공고,synthetic,,[가상] 리드 임베디드·펌웨어 (1형),,회사 내규에 따름,,,리드,2026-08-06,2026-09-04,ko,KR,내부 생성,true,manual,dsyn_embedded_dev_15,true,낮음,,true,embedded_dev.v1 (실제 10건 분포)
syn_embedded_dev_017,합성공고,synthetic,,[가상] 리드 임베디드·펌웨어 (1형),,회사 내규에 따름,,,리드,2026-04-15,2026-09-04,ko,KR,내부 생성,true,manual,dsyn_embedded_dev_16,true,낮음,,true,embedded_dev.v1 (실제 10건 분포)
syn_embedded_dev_018,합성공고,synthetic,,[가상] 주니어 임베디드·펌웨어 (1형),,"5,000~5,800만원",5000,5800,주니어,2026-07-26,2026-09-04,ko,KR,내부 생성,true,manual,dsyn_embedded_dev_17,true,낮음,,true,embedded_dev.v1 (실제 10건 분포)
syn_embedded_dev_019,합성공고,synthetic,,[가상] 리드 임베디드·펌웨어 (1형),,회사 내규에 따름,,,리드,2026-07-16,2026-09-04,ko,KR,내부 생성,true,manual,dsyn_embedded_dev_18,true,낮음,,true,embedded_dev.v1 (실제 10건 분포)
syn_embedded_dev_020,합성공고,synthetic,,[가상] 주니어 임베디드·펌웨어 (1형),,면접 후 협의,,,주니어,2026-03-25,2026-09-04,ko,KR,내부 생성,true,manual,dsyn_embedded_dev_19,true,낮음,,true,embedded_dev.v1 (실제 10건 분포)
syn_embedded_dev_021,합성공고,synthetic,,[가상] 리드 임베디드·펌웨어 (1형),,"5,900~6,800만원",5900,6800,리드,2025-11-25,2026-09-04,ko,KR,내부 생성,true,manual,dsyn_embedded_dev_20,true,낮음,,true,embedded_dev.v1 (실제 10건 분포)
syn_embedded_dev_022,합성공고,synthetic,,[가상] 주니어 임베디드·펌웨어 (1형),,면접 후 협의,,,주니어,2026-03-19,2026-09-04,ko,KR,내부 생성,true,manual,dsyn_embedded_dev_21,true,낮음,,true,embedded_dev.v1 (실제 10건 분포)
syn_embedded_dev_023,합성공고,synthetic,,[가상] 리드 임베디드·펌웨어 (1형),,"5,700만원 이상",5700,,리드,2026-06-30,2026-09-04,ko,KR,내부 생성,true,manual,dsyn_embedded_dev_22,true,낮음,,true,embedded_dev.v1 (실제 10건 분포)
syn_embedded_dev_024,합성공고,synthetic,,[가상] 신입 임베디드·펌웨어 (1형),,회사 내규에 따름,,,신입,2026-06-26,2026-09-04,ko,KR,내부 생성,true,manual,dsyn_embedded_dev_23,true,낮음,,true,embedded_dev.v1 (실제 10건 분포)
syn_embedded_dev_025,합성공고,synthetic,,[가상] 시니어 임베디드·펌웨어 (1형),,면접 후 협의,,,시니어,2025-11-18,2026-09-04,ko,KR,내부 생성,true,manual,dsyn_embedded_dev_24,true,낮음,,true,embedded_dev.v1 (실제 10건 분포)
syn_embedded_dev_026,합성공고,synthetic,,[가상] 시니어 임베디드·펌웨어 (1형),,"5,700~6,500만원",5700,6500,시니어,2026-05-11,2026-09-04,ko,KR,내부 생성,true,manual,dsyn_embedded_dev_25,true,낮음,,true,embedded_dev.v1 (실제 10건 분포)
syn_embedded_dev_027,합성공고,synthetic,,[가상] 시니어 임베디드·펌웨어 (1형),,"5,800~6,500만원",5800,6500,시니어,2026-06-19,2026-09-04,ko,KR,내부 생성,true,manual,dsyn_embedded_dev_26,true,낮음,,true,embedded_dev.v1 (실제 10건 분포)
syn_embedded_dev_028,합성공고,synthetic,,[가상] 주니어 임베디드·펌웨어 (1형),,"5,500~6,000만원",5500,6000,주니어,2026-02-05,2026-09-04,ko,KR,내부 생성,true,manual,dsyn_embedded_dev_27,true,낮음,,true,embedded_dev.v1 (실제 10건 분포)
syn_embedded_dev_029,합성공고,synthetic,,[가상] 주니어 임베디드·펌웨어 (1형),,"5,100만원 이상",5100,,주니어,2026-06-10,2026-09-04,ko,KR,내부 생성,true,manual,dsyn_embedded_dev_28,true,낮음,,true,embedded_dev.v1 (실제 10건 분포)
syn_embedded_dev_030,합성공고,synthetic,,[가상] 시니어 임베디드·펌웨어 (1형),,"5,700만원 이상",5700,,시니어,2025-12-13,2026-09-04,ko,KR,내부 생성,true,manual,dsyn_embedded_dev_29,true,낮음,,true,embedded_dev.v1 (실제 10건 분포)
syn_fe_dev_001,합성공고,synthetic,,[가상] 시니어 프론트엔드 개발자 (2형),,"5,600~6,100만원",5600,6100,시니어,2025-12-24,2026-09-04,ko,KR,내부 생성,true,manual,dsyn_fe_dev_0,true,낮음,,true,fe_dev.v2 (실제 23건 분포)
syn_fe_dev_002,합성공고,synthetic,,[가상] 시니어 프론트엔드 개발자 (2형),,"5,900만원 이상",5900,,시니어,2026-08-21,2026-09-04,ko,KR,내부 생성,true,manual,dsyn_fe_dev_1,true,낮음,,true,fe_dev.v2 (실제 23건 분포)
syn_fe_dev_003,합성공고,synthetic,,[가상] 주니어 프론트엔드 개발자 (1형),,"5,500만원 이상",5500,,주니어,2025-11-30,2026-09-04,ko,KR,내부 생성,true,manual,dsyn_fe_dev_2,true,낮음,,true,fe_dev.v1 (실제 11건 분포)
syn_fe_dev_004,합성공고,synthetic,,[가상] 신입 프론트엔드 개발자 (2형),,"4,900만원 이상",4900,,신입,2026-08-22,2026-09-04,ko,KR,내부 생성,true,manual,dsyn_fe_dev_3,true,낮음,,true,fe_dev.v2 (실제 23건 분포)
syn_fe_dev_005,합성공고,synthetic,,[가상] 리드 프론트엔드 개발자 (2형),,"5,800~6,600만원",5800,6600,리드,2025-12-30,2026-09-04,ko,KR,내부 생성,true,manual,dsyn_fe_dev_4,true,낮음,,true,fe_dev.v2 (실제 23건 분포)
syn_fe_dev_006,합성공고,synthetic,,[가상] 시니어 프론트엔드 개발자 (1형),,"5,800만원 이상",5800,,시니어,2026-01-10,2026-09-04,ko,KR,내부 생성,true,manual,dsyn_fe_dev_5,true,낮음,,true,fe_dev.v1 (실제 11건 분포)
syn_program_manager_001,합성공고,synthetic,,[가상] 신입 프로젝트·프로그램 매니저 (1형),,회사 내규에 따름,,,신입,2026-01-09,2026-09-04,ko,KR,내부 생성,true,manual,dsyn_program_manager_0,true,낮음,,true,program_manager.v1 (실제 9건 분포)
syn_program_manager_002,합성공고,synthetic,,[가상] 신입 프로젝트·프로그램 매니저 (1형),,"4,900만원 이상",4900,,신입,2026-05-05,2026-09-04,ko,KR,내부 생성,true,manual,dsyn_program_manager_1,true,낮음,,true,program_manager.v1 (실제 9건 분포)
syn_program_manager_003,합성공고,synthetic,,[가상] 리드 프로젝트·프로그램 매니저 (1형),,"5,700~6,400만원",5700,6400,리드,2026-04-12,2026-09-04,ko,KR,내부 생성,true,manual,dsyn_program_manager_2,true,낮음,,true,program_manager.v1 (실제 9건 분포)
syn_program_manager_004,합성공고,synthetic,,[가상] 시니어 프로젝트·프로그램 매니저 (2형),,"5,600만원 이상",5600,,시니어,2026-07-23,2026-09-04,ko,KR,내부 생성,true,manual,dsyn_program_manager_3,true,낮음,,true,program_manager.v2 (실제 8건 분포)
syn_program_manager_005,합성공고,synthetic,,[가상] 주니어 프로젝트·프로그램 매니저 (1형),,"5,500~6,500만원",5500,6500,주니어,2025-12-30,2026-09-04,ko,KR,내부 생성,true,manual,dsyn_program_manager_4,true,낮음,,true,program_manager.v1 (실제 9건 분포)
syn_program_manager_006,합성공고,synthetic,,[가상] 신입 프로젝트·프로그램 매니저 (2형),,면접 후 협의,,,신입,2026-04-13,2026-09-04,ko,KR,내부 생성,true,manual,dsyn_program_manager_5,true,낮음,,true,program_manager.v2 (실제 8건 분포)
syn_program_manager_007,합성공고,synthetic,,[가상] 리드 프로젝트·프로그램 매니저 (1형),,"6,000~6,600만원",6000,6600,리드,2026-03-09,2026-09-04,ko,KR,내부 생성,true,manual,dsyn_program_manager_6,true,낮음,,true,program_manager.v1 (실제 9건 분포)
syn_program_manager_008,합성공고,synthetic,,[가상] 신입 프로젝트·프로그램 매니저 (2형),,회사 내규에 따름,,,신입,2026-01-03,2026-09-04,ko,KR,내부 생성,true,manual,dsyn_program_manager_7,true,낮음,,true,program_manager.v2 (실제 8건 분포)
syn_program_manager_009,합성공고,synthetic,,[가상] 시니어 프로젝트·프로그램 매니저 (2형),,"5,700~6,400만원",5700,6400,시니어,2025-11-20,2026-09-04,ko,KR,내부 생성,true,manual,dsyn_program_manager_8,true,낮음,,true,program_manager.v2 (실제 8건 분포)
syn_program_manager_010,합성공고,synthetic,,[가상] 시니어 프로젝트·프로그램 매니저 (2형),,"5,600~6,400만원",5600,6400,시니어,2026-03-10,2026-09-04,ko,KR,내부 생성,true,manual,dsyn_program_manager_9,true,낮음,,true,program_manager.v2 (실제 8건 분포)
syn_program_manager_011,합성공고,synthetic,,[가상] 리드 프로젝트·프로그램 매니저 (1형),,회사 내규에 따름,,,리드,2026-06-26,2026-09-04,ko,KR,내부 생성,true,manual,dsyn_program_manager_10,true,낮음,,true,program_manager.v1 (실제 9건 분포)
syn_program_manager_012,합성공고,synthetic,,[가상] 주니어 프로젝트·프로그램 매니저 (2형),,"5,500~6,200만원",5500,6200,주니어,2026-06-23,2026-09-04,ko,KR,내부 생성,true,manual,dsyn_program_manager_11,true,낮음,,true,program_manager.v2 (실제 8건 분포)
syn_program_manager_013,합성공고,synthetic,,[가상] 신입 프로젝트·프로그램 매니저 (1형),,회사 내규에 따름,,,신입,2026-07-13,2026-09-04,ko,KR,내부 생성,true,manual,dsyn_program_manager_12,true,낮음,,true,program_manager.v1 (실제 9건 분포)
syn_program_manager_014,합성공고,synthetic,,[가상] 시니어 프로젝트·프로그램 매니저 (1형),,회사 내규에 따름,,,시니어,2026-07-22,2026-09-04,ko,KR,내부 생성,true,manual,dsyn_program_manager_13,true,낮음,,true,program_manager.v1 (실제 9건 분포)
syn_program_manager_015,합성공고,synthetic,,[가상] 시니어 프로젝트·프로그램 매니저 (2형),,면접 후 협의,,,시니어,2025-11-20,2026-09-04,ko,KR,내부 생성,true,manual,dsyn_program_manager_14,true,낮음,,true,program_manager.v2 (실제 8건 분포)
syn_program_manager_016,합성공고,synthetic,,[가상] 주니어 프로젝트·프로그램 매니저 (1형),,"5,600~6,400만원",5600,6400,주니어,2026-06-01,2026-09-04,ko,KR,내부 생성,true,manual,dsyn_program_manager_15,true,낮음,,true,program_manager.v1 (실제 9건 분포)
syn_program_manager_017,합성공고,synthetic,,[가상] 주니어 프로젝트·프로그램 매니저 (1형),,"5,500만원 이상",5500,,주니어,2026-07-14,2026-09-04,ko,KR,내부 생성,true,manual,dsyn_program_manager_16,true,낮음,,true,program_manager.v1 (실제 9건 분포)
syn_program_manager_018,합성공고,synthetic,,[가상] 시니어 프로젝트·프로그램 매니저 (1형),,"5,800만원 이상",5800,,시니어,2026-03-04,2026-09-04,ko,KR,내부 생성,true,manual,dsyn_program_manager_17,true,낮음,,true,program_manager.v1 (실제 9건 분포)
syn_program_manager_019,합성공고,synthetic,,[가상] 시니어 프로젝트·프로그램 매니저 (2형),,"5,500~6,400만원",5500,6400,시니어,2025-12-17,2026-09-04,ko,KR,내부 생성,true,manual,dsyn_program_manager_18,true,낮음,,true,program_manager.v2 (실제 8건 분포)
syn_program_manager_020,합성공고,synthetic,,[가상] 주니어 프로젝트·프로그램 매니저 (2형),,회사 내규에 따름,,,주니어,2026-06-29,2026-09-04,ko,KR,내부 생성,true,manual,dsyn_program_manager_19,true,낮음,,true,program_manager.v2 (실제 8건 분포)
syn_program_manager_021,합성공고,synthetic,,[가상] 시니어 프로젝트·프로그램 매니저 (1형),,"5,800~6,500만원",5800,6500,시니어,2025-12-10,2026-09-04,ko,KR,내부 생성,true,manual,dsyn_program_manager_20,true,낮음,,true,program_manager.v1 (실제 9건 분포)
syn_program_manager_022,합성공고,synthetic,,[가상] 시니어 프로젝트·프로그램 매니저 (2형),,회사 내규에 따름,,,시니어,2026-01-25,2026-09-04,ko,KR,내부 생성,true,manual,dsyn_program_manager_21,true,낮음,,true,program_manager.v2 (실제 8건 분포)
syn_program_manager_023,합성공고,synthetic,,[가상] 리드 프로젝트·프로그램 매니저 (1형),,면접 후 협의,,,리드,2026-08-15,2026-09-04,ko,KR,내부 생성,true,manual,dsyn_program_manager_22,true,낮음,,true,program_manager.v1 (실제 9건 분포)
syn_mobile_dev_001,합성공고,synthetic,,[가상] 시니어 모바일 개발자 (1형),,회사 내규에 따름,,,시니어,2026-07-09,2026-09-04,ko,KR,내부 생성,true,manual,dsyn_mobile_dev_0,true,낮음,,true,mobile_dev.v1 (실제 10건 분포)
syn_mobile_dev_002,합성공고,synthetic,,[가상] 주니어 모바일 개발자 (1형),,회사 내규에 따름,,,주니어,2026-01-27,2026-09-04,ko,KR,내부 생성,true,manual,dsyn_mobile_dev_1,true,낮음,,true,mobile_dev.v1 (실제 10건 분포)
syn_mobile_dev_003,합성공고,synthetic,,[가상] 리드 모바일 개발자 (1형),,면접 후 협의,,,리드,2026-01-14,2026-09-04,ko,KR,내부 생성,true,manual,dsyn_mobile_dev_2,true,낮음,,true,mobile_dev.v1 (실제 10건 분포)
syn_mobile_dev_004,합성공고,synthetic,,[가상] 주니어 모바일 개발자 (1형),,"5,400~6,000만원",5400,6000,주니어,2025-12-06,2026-09-04,ko,KR,내부 생성,true,manual,dsyn_mobile_dev_3,true,낮음,,true,mobile_dev.v1 (실제 10건 분포)
syn_mobile_dev_005,합성공고,synthetic,,[가상] 신입 모바일 개발자 (2형),,"5,000~5,600만원",5000,5600,신입,2026-03-24,2026-09-04,ko,KR,내부 생성,true,manual,dsyn_mobile_dev_4,true,낮음,,true,mobile_dev.v2 (실제 6건 분포)
syn_mobile_dev_006,합성공고,synthetic,,[가상] 리드 모바일 개발자 (1형),,"5,700만원 이상",5700,,리드,2026-07-22,2026-09-04,ko,KR,내부 생성,true,manual,dsyn_mobile_dev_5,true,낮음,,true,mobile_dev.v1 (실제 10건 분포)
syn_mobile_dev_007,합성공고,synthetic,,[가상] 시니어 모바일 개발자 (2형),,"5,900~6,400만원",5900,6400,시니어,2025-11-08,2026-09-04,ko,KR,내부 생성,true,manual,dsyn_mobile_dev_6,true,낮음,,true,mobile_dev.v2 (실제 6건 분포)
syn_mobile_dev_008,합성공고,synthetic,,[가상] 시니어 모바일 개발자 (1형),,"5,600~6,500만원",5600,6500,시니어,2026-05-06,2026-09-04,ko,KR,내부 생성,true,manual,dsyn_mobile_dev_7,true,낮음,,true,mobile_dev.v1 (실제 10건 분포)
syn_mobile_dev_009,합성공고,synthetic,,[가상] 시니어 모바일 개발자 (1형),,"5,600~6,600만원",5600,6600,시니어,2026-07-23,2026-09-04,ko,KR,내부 생성,true,manual,dsyn_mobile_dev_8,true,낮음,,true,mobile_dev.v1 (실제 10건 분포)
syn_mobile_dev_010,합성공고,synthetic,,[가상] 리드 모바일 개발자 (1형),,"6,100~7,000만원",6100,7000,리드,2026-07-09,2026-09-04,ko,KR,내부 생성,true,manual,dsyn_mobile_dev_9,true,낮음,,true,mobile_dev.v1 (실제 10건 분포)
syn_mobile_dev_011,합성공고,synthetic,,[가상] 리드 모바일 개발자 (1형),,"6,000~6,500만원",6000,6500,리드,2026-07-14,2026-09-04,ko,KR,내부 생성,true,manual,dsyn_mobile_dev_10,true,낮음,,true,mobile_dev.v1 (실제 10건 분포)
syn_mobile_dev_012,합성공고,synthetic,,[가상] 리드 모바일 개발자 (1형),,"6,100만원 이상",6100,,리드,2026-02-14,2026-09-04,ko,KR,내부 생성,true,manual,dsyn_mobile_dev_11,true,낮음,,true,mobile_dev.v1 (실제 10건 분포)
syn_mobile_dev_013,합성공고,synthetic,,[가상] 리드 모바일 개발자 (1형),,면접 후 협의,,,리드,2026-01-03,2026-09-04,ko,KR,내부 생성,true,manual,dsyn_mobile_dev_12,true,낮음,,true,mobile_dev.v1 (실제 10건 분포)
syn_mobile_dev_014,합성공고,synthetic,,[가상] 주니어 모바일 개발자 (1형),,회사 내규에 따름,,,주니어,2026-07-09,2026-09-04,ko,KR,내부 생성,true,manual,dsyn_mobile_dev_13,true,낮음,,true,mobile_dev.v1 (실제 10건 분포)
syn_mobile_dev_015,합성공고,synthetic,,[가상] 주니어 모바일 개발자 (1형),,"5,400만원 이상",5400,,주니어,2026-08-14,2026-09-04,ko,KR,내부 생성,true,manual,dsyn_mobile_dev_14,true,낮음,,true,mobile_dev.v1 (실제 10건 분포)
syn_mobile_dev_016,합성공고,synthetic,,[가상] 리드 모바일 개발자 (1형),,회사 내규에 따름,,,리드,2026-07-23,2026-09-04,ko,KR,내부 생성,true,manual,dsyn_mobile_dev_15,true,낮음,,true,mobile_dev.v1 (실제 10건 분포)
syn_mobile_dev_017,합성공고,synthetic,,[가상] 신입 모바일 개발자 (1형),,면접 후 협의,,,신입,2026-06-21,2026-09-04,ko,KR,내부 생성,true,manual,dsyn_mobile_dev_16,true,낮음,,true,mobile_dev.v1 (실제 10건 분포)
syn_mobile_dev_018,합성공고,synthetic,,[가상] 주니어 모바일 개발자 (1형),,회사 내규에 따름,,,주니어,2026-08-14,2026-09-04,ko,KR,내부 생성,true,manual,dsyn_mobile_dev_17,true,낮음,,true,mobile_dev.v1 (실제 10건 분포)
syn_mobile_dev_019,합성공고,synthetic,,[가상] 주니어 모바일 개발자 (1형),,회사 내규에 따름,,,주니어,2026-05-24,2026-09-04,ko,KR,내부 생성,true,manual,dsyn_mobile_dev_18,true,낮음,,true,mobile_dev.v1 (실제 10건 분포)
syn_mobile_dev_020,합성공고,synthetic,,[가상] 시니어 모바일 개발자 (2형),,"5,700~6,600만원",5700,6600,시니어,2025-11-24,2026-09-04,ko,KR,내부 생성,true,manual,dsyn_mobile_dev_19,true,낮음,,true,mobile_dev.v2 (실제 6건 분포)
syn_mobile_dev_021,합성공고,synthetic,,[가상] 신입 모바일 개발자 (1형),,"4,900만원 이상",4900,,신입,2025-11-29,2026-09-04,ko,KR,내부 생성,true,manual,dsyn_mobile_dev_20,true,낮음,,true,mobile_dev.v1 (실제 10건 분포)
syn_mobile_dev_022,합성공고,synthetic,,[가상] 시니어 모바일 개발자 (2형),,면접 후 협의,,,시니어,2026-08-21,2026-09-04,ko,KR,내부 생성,true,manual,dsyn_mobile_dev_21,true,낮음,,true,mobile_dev.v2 (실제 6건 분포)
syn_mobile_dev_023,합성공고,synthetic,,[가상] 주니어 모바일 개발자 (1형),,"5,100~5,700만원",5100,5700,주니어,2026-01-07,2026-09-04,ko,KR,내부 생성,true,manual,dsyn_mobile_dev_22,true,낮음,,true,mobile_dev.v1 (실제 10건 분포)
syn_mobile_dev_024,합성공고,synthetic,,[가상] 주니어 모바일 개발자 (1형),,면접 후 협의,,,주니어,2026-03-16,2026-09-04,ko,KR,내부 생성,true,manual,dsyn_mobile_dev_23,true,낮음,,true,mobile_dev.v1 (실제 10건 분포)
syn_biz_analyst_001,합성공고,synthetic,,[가상] 주니어 데이터·비즈니스 기획 (2형),,"5,200만원 이상",5200,,주니어,2025-12-14,2026-09-04,ko,KR,내부 생성,true,manual,dsyn_biz_analyst_0,true,낮음,,true,biz_analyst.v2 (실제 5건 분포)
syn_biz_analyst_002,합성공고,synthetic,,[가상] 주니어 데이터·비즈니스 기획 (2형),,"5,400~6,000만원",5400,6000,주니어,2026-05-11,2026-09-04,ko,KR,내부 생성,true,manual,dsyn_biz_analyst_1,true,낮음,,true,biz_analyst.v2 (실제 5건 분포)
syn_biz_analyst_003,합성공고,synthetic,,[가상] 주니어 데이터·비즈니스 기획 (1형),,"5,500만원 이상",5500,,주니어,2025-12-09,2026-09-04,ko,KR,내부 생성,true,manual,dsyn_biz_analyst_2,true,낮음,,true,biz_analyst.v1 (실제 7건 분포)
syn_biz_analyst_004,합성공고,synthetic,,[가상] 리드 데이터·비즈니스 기획 (1형),,면접 후 협의,,,리드,2026-04-01,2026-09-04,ko,KR,내부 생성,true,manual,dsyn_biz_analyst_3,true,낮음,,true,biz_analyst.v1 (실제 7건 분포)
syn_biz_analyst_005,합성공고,synthetic,,[가상] 주니어 데이터·비즈니스 기획 (2형),,"5,000만원 이상",5000,,주니어,2026-03-31,2026-09-04,ko,KR,내부 생성,true,manual,dsyn_biz_analyst_4,true,낮음,,true,biz_analyst.v2 (실제 5건 분포)
syn_biz_analyst_006,합성공고,synthetic,,[가상] 신입 데이터·비즈니스 기획 (2형),,"4,900~5,500만원",4900,5500,신입,2026-08-19,2026-09-04,ko,KR,내부 생성,true,manual,dsyn_biz_analyst_5,true,낮음,,true,biz_analyst.v2 (실제 5건 분포)
syn_biz_analyst_007,합성공고,synthetic,,[가상] 리드 데이터·비즈니스 기획 (2형),,회사 내규에 따름,,,리드,2025-12-23,2026-09-04,ko,KR,내부 생성,true,manual,dsyn_biz_analyst_6,true,낮음,,true,biz_analyst.v2 (실제 5건 분포)
syn_biz_analyst_008,합성공고,synthetic,,[가상] 시니어 데이터·비즈니스 기획 (1형),,면접 후 협의,,,시니어,2026-08-08,2026-09-04,ko,KR,내부 생성,true,manual,dsyn_biz_analyst_7,true,낮음,,true,biz_analyst.v1 (실제 7건 분포)
syn_biz_analyst_009,합성공고,synthetic,,[가상] 신입 데이터·비즈니스 기획 (1형),,"4,900~5,800만원",4900,5800,신입,2026-06-29,2026-09-04,ko,KR,내부 생성,true,manual,dsyn_biz_analyst_8,true,낮음,,true,biz_analyst.v1 (실제 7건 분포)
syn_biz_analyst_010,합성공고,synthetic,,[가상] 리드 데이터·비즈니스 기획 (1형),,"6,200~7,000만원",6200,7000,리드,2026-07-09,2026-09-04,ko,KR,내부 생성,true,manual,dsyn_biz_analyst_9,true,낮음,,true,biz_analyst.v1 (실제 7건 분포)
syn_biz_analyst_011,합성공고,synthetic,,[가상] 주니어 데이터·비즈니스 기획 (2형),,회사 내규에 따름,,,주니어,2026-04-26,2026-09-04,ko,KR,내부 생성,true,manual,dsyn_biz_analyst_10,true,낮음,,true,biz_analyst.v2 (실제 5건 분포)
syn_biz_analyst_012,합성공고,synthetic,,[가상] 시니어 데이터·비즈니스 기획 (1형),,"5,700~6,200만원",5700,6200,시니어,2025-11-15,2026-09-04,ko,KR,내부 생성,true,manual,dsyn_biz_analyst_11,true,낮음,,true,biz_analyst.v1 (실제 7건 분포)
syn_biz_analyst_013,합성공고,synthetic,,[가상] 리드 데이터·비즈니스 기획 (2형),,"5,800~6,400만원",5800,6400,리드,2026-02-06,2026-09-04,ko,KR,내부 생성,true,manual,dsyn_biz_analyst_12,true,낮음,,true,biz_analyst.v2 (실제 5건 분포)
syn_biz_analyst_014,합성공고,synthetic,,[가상] 신입 데이터·비즈니스 기획 (1형),,"5,400~6,000만원",5400,6000,신입,2026-02-25,2026-09-04,ko,KR,내부 생성,true,manual,dsyn_biz_analyst_13,true,낮음,,true,biz_analyst.v1 (실제 7건 분포)
syn_biz_analyst_015,합성공고,synthetic,,[가상] 신입 데이터·비즈니스 기획 (1형),,"5,000~5,600만원",5000,5600,신입,2026-04-12,2026-09-04,ko,KR,내부 생성,true,manual,dsyn_biz_analyst_14,true,낮음,,true,biz_analyst.v1 (실제 7건 분포)
syn_biz_analyst_016,합성공고,synthetic,,[가상] 시니어 데이터·비즈니스 기획 (1형),,"5,500만원 이상",5500,,시니어,2025-11-24,2026-09-04,ko,KR,내부 생성,true,manual,dsyn_biz_analyst_15,true,낮음,,true,biz_analyst.v1 (실제 7건 분포)
syn_biz_analyst_017,합성공고,synthetic,,[가상] 신입 데이터·비즈니스 기획 (1형),,면접 후 협의,,,신입,2026-06-18,2026-09-04,ko,KR,내부 생성,true,manual,dsyn_biz_analyst_16,true,낮음,,true,biz_analyst.v1 (실제 7건 분포)
syn_biz_analyst_018,합성공고,synthetic,,[가상] 시니어 데이터·비즈니스 기획 (2형),,면접 후 협의,,,시니어,2026-04-14,2026-09-04,ko,KR,내부 생성,true,manual,dsyn_biz_analyst_17,true,낮음,,true,biz_analyst.v2 (실제 5건 분포)
syn_biz_analyst_019,합성공고,synthetic,,[가상] 주니어 데이터·비즈니스 기획 (1형),,"5,500~6,000만원",5500,6000,주니어,2026-05-10,2026-09-04,ko,KR,내부 생성,true,manual,dsyn_biz_analyst_18,true,낮음,,true,biz_analyst.v1 (실제 7건 분포)
syn_biz_analyst_020,합성공고,synthetic,,[가상] 신입 데이터·비즈니스 기획 (2형),,"4,800~5,800만원",4800,5800,신입,2026-07-04,2026-09-04,ko,KR,내부 생성,true,manual,dsyn_biz_analyst_19,true,낮음,,true,biz_analyst.v2 (실제 5건 분포)
syn_biz_analyst_021,합성공고,synthetic,,[가상] 리드 데이터·비즈니스 기획 (1형),,"6,200만원 이상",6200,,리드,2026-02-14,2026-09-04,ko,KR,내부 생성,true,manual,dsyn_biz_analyst_20,true,낮음,,true,biz_analyst.v1 (실제 7건 분포)
syn_biz_analyst_022,합성공고,synthetic,,[가상] 주니어 데이터·비즈니스 기획 (1형),,"5,200~5,700만원",5200,5700,주니어,2026-08-13,2026-09-04,ko,KR,내부 생성,true,manual,dsyn_biz_analyst_21,true,낮음,,true,biz_analyst.v1 (실제 7건 분포)
syn_biz_analyst_023,합성공고,synthetic,,[가상] 주니어 데이터·비즈니스 기획 (1형),,"5,300~5,800만원",5300,5800,주니어,2025-12-11,2026-09-04,ko,KR,내부 생성,true,manual,dsyn_biz_analyst_22,true,낮음,,true,biz_analyst.v1 (실제 7건 분포)
syn_biz_analyst_024,합성공고,synthetic,,[가상] 신입 데이터·비즈니스 기획 (2형),,"5,100~5,600만원",5100,5600,신입,2026-07-05,2026-09-04,ko,KR,내부 생성,true,manual,dsyn_biz_analyst_23,true,낮음,,true,biz_analyst.v2 (실제 5건 분포)
syn_biz_analyst_025,합성공고,synthetic,,[가상] 신입 데이터·비즈니스 기획 (1형),,"5,200~6,000만원",5200,6000,신입,2026-05-02,2026-09-04,ko,KR,내부 생성,true,manual,dsyn_biz_analyst_24,true,낮음,,true,biz_analyst.v1 (실제 7건 분포)
syn_biz_analyst_026,합성공고,synthetic,,[가상] 신입 데이터·비즈니스 기획 (1형),,회사 내규에 따름,,,신입,2026-03-20,2026-09-04,ko,KR,내부 생성,true,manual,dsyn_biz_analyst_25,true,낮음,,true,biz_analyst.v1 (실제 7건 분포)
syn_biz_analyst_027,합성공고,synthetic,,[가상] 시니어 데이터·비즈니스 기획 (1형),,"5,700~6,500만원",5700,6500,시니어,2026-06-12,2026-09-04,ko,KR,내부 생성,true,manual,dsyn_biz_analyst_26,true,낮음,,true,biz_analyst.v1 (실제 7건 분포)
syn_biz_analyst_028,합성공고,synthetic,,[가상] 주니어 데이터·비즈니스 기획 (1형),,"5,400~5,900만원",5400,5900,주니어,2026-04-23,2026-09-04,ko,KR,내부 생성,true,manual,dsyn_biz_analyst_27,true,낮음,,true,biz_analyst.v1 (실제 7건 분포)
syn_graphic_designer_001,합성공고,synthetic,,[가상] 시니어 그래픽·브랜드 디자이너 (1형),,"4,400~4,700만원",4400,4700,시니어,2025-11-09,2026-09-04,ko,KR,내부 생성,true,manual,dsyn_graphic_designer_0,true,낮음,,true,graphic_designer.v1 (실제 7건 분포)
syn_graphic_designer_002,합성공고,synthetic,,[가상] 시니어 그래픽·브랜드 디자이너 (1형),,"4,200~4,700만원",4200,4700,시니어,2026-04-15,2026-09-04,ko,KR,내부 생성,true,manual,dsyn_graphic_designer_1,true,낮음,,true,graphic_designer.v1 (실제 7건 분포)
syn_graphic_designer_003,합성공고,synthetic,,[가상] 시니어 그래픽·브랜드 디자이너 (1형),,"4,500만원 이상",4500,,시니어,2025-11-20,2026-09-04,ko,KR,내부 생성,true,manual,dsyn_graphic_designer_2,true,낮음,,true,graphic_designer.v1 (실제 7건 분포)
syn_graphic_designer_004,합성공고,synthetic,,[가상] 시니어 그래픽·브랜드 디자이너 (1형),,"4,400~4,800만원",4400,4800,시니어,2026-03-13,2026-09-04,ko,KR,내부 생성,true,manual,dsyn_graphic_designer_3,true,낮음,,true,graphic_designer.v1 (실제 7건 분포)
syn_graphic_designer_005,합성공고,synthetic,,[가상] 주니어 그래픽·브랜드 디자이너 (1형),,"4,300~4,800만원",4300,4800,주니어,2026-07-09,2026-09-04,ko,KR,내부 생성,true,manual,dsyn_graphic_designer_4,true,낮음,,true,graphic_designer.v1 (실제 7건 분포)
syn_graphic_designer_006,합성공고,synthetic,,[가상] 리드 그래픽·브랜드 디자이너 (1형),,"4,400~4,800만원",4400,4800,리드,2026-07-29,2026-09-04,ko,KR,내부 생성,true,manual,dsyn_graphic_designer_5,true,낮음,,true,graphic_designer.v1 (실제 7건 분포)
syn_graphic_designer_007,합성공고,synthetic,,[가상] 시니어 그래픽·브랜드 디자이너 (1형),,"4,500~5,000만원",4500,5000,시니어,2026-04-03,2026-09-04,ko,KR,내부 생성,true,manual,dsyn_graphic_designer_6,true,낮음,,true,graphic_designer.v1 (실제 7건 분포)
syn_graphic_designer_008,합성공고,synthetic,,[가상] 주니어 그래픽·브랜드 디자이너 (1형),,면접 후 협의,,,주니어,2026-04-29,2026-09-04,ko,KR,내부 생성,true,manual,dsyn_graphic_designer_7,true,낮음,,true,graphic_designer.v1 (실제 7건 분포)
syn_graphic_designer_009,합성공고,synthetic,,[가상] 리드 그래픽·브랜드 디자이너 (1형),,"4,500~4,800만원",4500,4800,리드,2025-12-10,2026-09-04,ko,KR,내부 생성,true,manual,dsyn_graphic_designer_8,true,낮음,,true,graphic_designer.v1 (실제 7건 분포)
syn_graphic_designer_010,합성공고,synthetic,,[가상] 신입 그래픽·브랜드 디자이너 (1형),,"4,000~4,400만원",4000,4400,신입,2026-01-09,2026-09-04,ko,KR,내부 생성,true,manual,dsyn_graphic_designer_9,true,낮음,,true,graphic_designer.v1 (실제 7건 분포)
syn_graphic_designer_011,합성공고,synthetic,,[가상] 시니어 그래픽·브랜드 디자이너 (1형),,"4,400~4,700만원",4400,4700,시니어,2026-04-28,2026-09-04,ko,KR,내부 생성,true,manual,dsyn_graphic_designer_10,true,낮음,,true,graphic_designer.v1 (실제 7건 분포)
syn_graphic_designer_012,합성공고,synthetic,,[가상] 시니어 그래픽·브랜드 디자이너 (1형),,면접 후 협의,,,시니어,2026-03-08,2026-09-04,ko,KR,내부 생성,true,manual,dsyn_graphic_designer_11,true,낮음,,true,graphic_designer.v1 (실제 7건 분포)
syn_graphic_designer_013,합성공고,synthetic,,[가상] 신입 그래픽·브랜드 디자이너 (1형),,회사 내규에 따름,,,신입,2026-01-12,2026-09-04,ko,KR,내부 생성,true,manual,dsyn_graphic_designer_12,true,낮음,,true,graphic_designer.v1 (실제 7건 분포)
syn_graphic_designer_014,합성공고,synthetic,,[가상] 시니어 그래픽·브랜드 디자이너 (1형),,"4,300~4,800만원",4300,4800,시니어,2026-03-23,2026-09-04,ko,KR,내부 생성,true,manual,dsyn_graphic_designer_13,true,낮음,,true,graphic_designer.v1 (실제 7건 분포)
syn_graphic_designer_015,합성공고,synthetic,,[가상] 신입 그래픽·브랜드 디자이너 (1형),,"4,200~4,600만원",4200,4600,신입,2026-03-09,2026-09-04,ko,KR,내부 생성,true,manual,dsyn_graphic_designer_14,true,낮음,,true,graphic_designer.v1 (실제 7건 분포)
syn_graphic_designer_016,합성공고,synthetic,,[가상] 주니어 그래픽·브랜드 디자이너 (1형),,회사 내규에 따름,,,주니어,2026-05-17,2026-09-04,ko,KR,내부 생성,true,manual,dsyn_graphic_designer_15,true,낮음,,true,graphic_designer.v1 (실제 7건 분포)
syn_graphic_designer_017,합성공고,synthetic,,[가상] 주니어 그래픽·브랜드 디자이너 (1형),,"4,100~4,400만원",4100,4400,주니어,2026-03-08,2026-09-04,ko,KR,내부 생성,true,manual,dsyn_graphic_designer_16,true,낮음,,true,graphic_designer.v1 (실제 7건 분포)
syn_graphic_designer_018,합성공고,synthetic,,[가상] 주니어 그래픽·브랜드 디자이너 (1형),,"4,200만원 이상",4200,,주니어,2026-02-24,2026-09-04,ko,KR,내부 생성,true,manual,dsyn_graphic_designer_17,true,낮음,,true,graphic_designer.v1 (실제 7건 분포)
syn_graphic_designer_019,합성공고,synthetic,,[가상] 신입 그래픽·브랜드 디자이너 (1형),,면접 후 협의,,,신입,2026-07-25,2026-09-04,ko,KR,내부 생성,true,manual,dsyn_graphic_designer_18,true,낮음,,true,graphic_designer.v1 (실제 7건 분포)
syn_graphic_designer_020,합성공고,synthetic,,[가상] 주니어 그래픽·브랜드 디자이너 (1형),,"4,100~4,600만원",4100,4600,주니어,2026-07-10,2026-09-04,ko,KR,내부 생성,true,manual,dsyn_graphic_designer_19,true,낮음,,true,graphic_designer.v1 (실제 7건 분포)
syn_graphic_designer_021,합성공고,synthetic,,[가상] 주니어 그래픽·브랜드 디자이너 (1형),,회사 내규에 따름,,,주니어,2025-11-26,2026-09-04,ko,KR,내부 생성,true,manual,dsyn_graphic_designer_20,true,낮음,,true,graphic_designer.v1 (실제 7건 분포)
syn_graphic_designer_022,합성공고,synthetic,,[가상] 주니어 그래픽·브랜드 디자이너 (1형),,"4,000만원 이상",4000,,주니어,2026-01-30,2026-09-04,ko,KR,내부 생성,true,manual,dsyn_graphic_designer_21,true,낮음,,true,graphic_designer.v1 (실제 7건 분포)
syn_graphic_designer_023,합성공고,synthetic,,[가상] 신입 그래픽·브랜드 디자이너 (1형),,"4,200만원 이상",4200,,신입,2025-12-30,2026-09-04,ko,KR,내부 생성,true,manual,dsyn_graphic_designer_22,true,낮음,,true,graphic_designer.v1 (실제 7건 분포)
syn_graphic_designer_024,합성공고,synthetic,,[가상] 시니어 그래픽·브랜드 디자이너 (1형),,"4,500만원 이상",4500,,시니어,2026-03-02,2026-09-04,ko,KR,내부 생성,true,manual,dsyn_graphic_designer_23,true,낮음,,true,graphic_designer.v1 (실제 7건 분포)
syn_graphic_designer_025,합성공고,synthetic,,[가상] 주니어 그래픽·브랜드 디자이너 (1형),,"4,000만원 이상",4000,,주니어,2026-08-02,2026-09-04,ko,KR,내부 생성,true,manual,dsyn_graphic_designer_24,true,낮음,,true,graphic_designer.v1 (실제 7건 분포)
syn_graphic_designer_026,합성공고,synthetic,,[가상] 시니어 그래픽·브랜드 디자이너 (1형),,회사 내규에 따름,,,시니어,2026-07-29,2026-09-04,ko,KR,내부 생성,true,manual,dsyn_graphic_designer_25,true,낮음,,true,graphic_designer.v1 (실제 7건 분포)
syn_graphic_designer_027,합성공고,synthetic,,[가상] 시니어 그래픽·브랜드 디자이너 (1형),,회사 내규에 따름,,,시니어,2026-04-09,2026-09-04,ko,KR,내부 생성,true,manual,dsyn_graphic_designer_26,true,낮음,,true,graphic_designer.v1 (실제 7건 분포)
syn_graphic_designer_028,합성공고,synthetic,,[가상] 주니어 그래픽·브랜드 디자이너 (1형),,"4,300~4,600만원",4300,4600,주니어,2026-02-22,2026-09-04,ko,KR,내부 생성,true,manual,dsyn_graphic_designer_27,true,낮음,,true,graphic_designer.v1 (실제 7건 분포)
syn_graphic_designer_029,합성공고,synthetic,,[가상] 시니어 그래픽·브랜드 디자이너 (1형),,"4,400~4,700만원",4400,4700,시니어,2026-07-18,2026-09-04,ko,KR,내부 생성,true,manual,dsyn_graphic_designer_28,true,낮음,,true,graphic_designer.v1 (실제 7건 분포)
syn_graphic_designer_030,합성공고,synthetic,,[가상] 시니어 그래픽·브랜드 디자이너 (1형),,"4,500~4,800만원",4500,4800,시니어,2026-01-19,2026-09-04,ko,KR,내부 생성,true,manual,dsyn_graphic_designer_29,true,낮음,,true,graphic_designer.v1 (실제 7건 분포)
syn_graphic_designer_031,합성공고,synthetic,,[가상] 리드 그래픽·브랜드 디자이너 (1형),,"4,400~4,800만원",4400,4800,리드,2026-07-28,2026-09-04,ko,KR,내부 생성,true,manual,dsyn_graphic_designer_30,true,낮음,,true,graphic_designer.v1 (실제 7건 분포)
syn_graphic_designer_032,합성공고,synthetic,,[가상] 시니어 그래픽·브랜드 디자이너 (1형),,"4,200~4,700만원",4200,4700,시니어,2026-08-20,2026-09-04,ko,KR,내부 생성,true,manual,dsyn_graphic_designer_31,true,낮음,,true,graphic_designer.v1 (실제 7건 분포)
syn_graphic_designer_033,합성공고,synthetic,,[가상] 주니어 그래픽·브랜드 디자이너 (1형),,"4,300~4,800만원",4300,4800,주니어,2026-03-29,2026-09-04,ko,KR,내부 생성,true,manual,dsyn_graphic_designer_32,true,낮음,,true,graphic_designer.v1 (실제 7건 분포)
syn_product_designer_001,합성공고,synthetic,,[가상] 주니어 프로덕트 디자이너 (1형),,"5,200만원 이상",5200,,주니어,2026-08-05,2026-09-04,ko,KR,내부 생성,true,manual,dsyn_product_designer_0,true,낮음,,true,product_designer.v1 (실제 20건 분포)
syn_product_designer_002,합성공고,synthetic,,[가상] 주니어 프로덕트 디자이너 (2형),,회사 내규에 따름,,,주니어,2026-06-17,2026-09-04,ko,KR,내부 생성,true,manual,dsyn_product_designer_1,true,낮음,,true,product_designer.v2 (실제 17건 분포)
syn_product_designer_003,합성공고,synthetic,,[가상] 시니어 프로덕트 디자이너 (1형),,"5,400~5,900만원",5400,5900,시니어,2026-03-11,2026-09-04,ko,KR,내부 생성,true,manual,dsyn_product_designer_2,true,낮음,,true,product_designer.v1 (실제 20건 분포)
syn_motion_designer_001,합성공고,synthetic,,[가상] 주니어 모션·영상 디자이너 (1형),,"4,000~4,400만원",4000,4400,주니어,2025-11-10,2026-09-04,ko,KR,내부 생성,true,manual,dsyn_motion_designer_0,true,낮음,,true,motion_designer.v1 (실제 2건 분포)
syn_motion_designer_002,합성공고,synthetic,,[가상] 리드 모션·영상 디자이너 (1형),,"4,400~4,900만원",4400,4900,리드,2025-12-04,2026-09-04,ko,KR,내부 생성,true,manual,dsyn_motion_designer_1,true,낮음,,true,motion_designer.v1 (실제 2건 분포)
syn_motion_designer_003,합성공고,synthetic,,[가상] 시니어 모션·영상 디자이너 (1형),,"4,200~4,500만원",4200,4500,시니어,2026-02-11,2026-09-04,ko,KR,내부 생성,true,manual,dsyn_motion_designer_2,true,낮음,,true,motion_designer.v1 (실제 2건 분포)
syn_motion_designer_004,합성공고,synthetic,,[가상] 주니어 모션·영상 디자이너 (1형),,면접 후 협의,,,주니어,2026-03-14,2026-09-04,ko,KR,내부 생성,true,manual,dsyn_motion_designer_3,true,낮음,,true,motion_designer.v1 (실제 2건 분포)
syn_motion_designer_005,합성공고,synthetic,,[가상] 시니어 모션·영상 디자이너 (1형),,면접 후 협의,,,시니어,2026-08-14,2026-09-04,ko,KR,내부 생성,true,manual,dsyn_motion_designer_4,true,낮음,,true,motion_designer.v1 (실제 2건 분포)
syn_motion_designer_006,합성공고,synthetic,,[가상] 주니어 모션·영상 디자이너 (1형),,회사 내규에 따름,,,주니어,2026-01-20,2026-09-04,ko,KR,내부 생성,true,manual,dsyn_motion_designer_5,true,낮음,,true,motion_designer.v1 (실제 2건 분포)
syn_motion_designer_007,합성공고,synthetic,,[가상] 주니어 모션·영상 디자이너 (1형),,"4,200~4,500만원",4200,4500,주니어,2025-12-05,2026-09-04,ko,KR,내부 생성,true,manual,dsyn_motion_designer_6,true,낮음,,true,motion_designer.v1 (실제 2건 분포)
syn_motion_designer_008,합성공고,synthetic,,[가상] 신입 모션·영상 디자이너 (1형),,"4,000~4,300만원",4000,4300,신입,2026-02-01,2026-09-04,ko,KR,내부 생성,true,manual,dsyn_motion_designer_7,true,낮음,,true,motion_designer.v1 (실제 2건 분포)
syn_motion_designer_009,합성공고,synthetic,,[가상] 주니어 모션·영상 디자이너 (1형),,"4,200~4,600만원",4200,4600,주니어,2026-08-15,2026-09-04,ko,KR,내부 생성,true,manual,dsyn_motion_designer_8,true,낮음,,true,motion_designer.v1 (실제 2건 분포)
syn_motion_designer_010,합성공고,synthetic,,[가상] 시니어 모션·영상 디자이너 (1형),,"4,300만원 이상",4300,,시니어,2026-06-07,2026-09-04,ko,KR,내부 생성,true,manual,dsyn_motion_designer_9,true,낮음,,true,motion_designer.v1 (실제 2건 분포)
syn_motion_designer_011,합성공고,synthetic,,[가상] 주니어 모션·영상 디자이너 (1형),,면접 후 협의,,,주니어,2025-11-18,2026-09-04,ko,KR,내부 생성,true,manual,dsyn_motion_designer_10,true,낮음,,true,motion_designer.v1 (실제 2건 분포)
syn_motion_designer_012,합성공고,synthetic,,[가상] 시니어 모션·영상 디자이너 (1형),,"4,300~4,700만원",4300,4700,시니어,2025-11-26,2026-09-04,ko,KR,내부 생성,true,manual,dsyn_motion_designer_11,true,낮음,,true,motion_designer.v1 (실제 2건 분포)
syn_motion_designer_013,합성공고,synthetic,,[가상] 시니어 모션·영상 디자이너 (1형),,"4,300만원 이상",4300,,시니어,2025-11-10,2026-09-04,ko,KR,내부 생성,true,manual,dsyn_motion_designer_12,true,낮음,,true,motion_designer.v1 (실제 2건 분포)
syn_motion_designer_014,합성공고,synthetic,,[가상] 신입 모션·영상 디자이너 (1형),,"4,200만원 이상",4200,,신입,2026-03-04,2026-09-04,ko,KR,내부 생성,true,manual,dsyn_motion_designer_13,true,낮음,,true,motion_designer.v1 (실제 2건 분포)
syn_motion_designer_015,합성공고,synthetic,,[가상] 주니어 모션·영상 디자이너 (1형),,"4,100~4,600만원",4100,4600,주니어,2026-08-01,2026-09-04,ko,KR,내부 생성,true,manual,dsyn_motion_designer_14,true,낮음,,true,motion_designer.v1 (실제 2건 분포)
syn_motion_designer_016,합성공고,synthetic,,[가상] 신입 모션·영상 디자이너 (1형),,면접 후 협의,,,신입,2026-02-24,2026-09-04,ko,KR,내부 생성,true,manual,dsyn_motion_designer_15,true,낮음,,true,motion_designer.v1 (실제 2건 분포)
syn_motion_designer_017,합성공고,synthetic,,[가상] 신입 모션·영상 디자이너 (1형),,회사 내규에 따름,,,신입,2025-11-28,2026-09-04,ko,KR,내부 생성,true,manual,dsyn_motion_designer_16,true,낮음,,true,motion_designer.v1 (실제 2건 분포)
syn_motion_designer_018,합성공고,synthetic,,[가상] 주니어 모션·영상 디자이너 (1형),,"4,000~4,300만원",4000,4300,주니어,2026-06-16,2026-09-04,ko,KR,내부 생성,true,manual,dsyn_motion_designer_17,true,낮음,,true,motion_designer.v1 (실제 2건 분포)
syn_motion_designer_019,합성공고,synthetic,,[가상] 신입 모션·영상 디자이너 (1형),,"4,100~4,400만원",4100,4400,신입,2025-12-04,2026-09-04,ko,KR,내부 생성,true,manual,dsyn_motion_designer_18,true,낮음,,true,motion_designer.v1 (실제 2건 분포)
syn_motion_designer_020,합성공고,synthetic,,[가상] 주니어 모션·영상 디자이너 (1형),,"4,200만원 이상",4200,,주니어,2026-07-20,2026-09-04,ko,KR,내부 생성,true,manual,dsyn_motion_designer_19,true,낮음,,true,motion_designer.v1 (실제 2건 분포)
syn_motion_designer_021,합성공고,synthetic,,[가상] 시니어 모션·영상 디자이너 (1형),,"4,400만원 이상",4400,,시니어,2025-12-16,2026-09-04,ko,KR,내부 생성,true,manual,dsyn_motion_designer_20,true,낮음,,true,motion_designer.v1 (실제 2건 분포)
syn_motion_designer_022,합성공고,synthetic,,[가상] 신입 모션·영상 디자이너 (1형),,"4,100~4,500만원",4100,4500,신입,2026-03-21,2026-09-04,ko,KR,내부 생성,true,manual,dsyn_motion_designer_21,true,낮음,,true,motion_designer.v1 (실제 2건 분포)
syn_motion_designer_023,합성공고,synthetic,,[가상] 주니어 모션·영상 디자이너 (1형),,"4,200~4,600만원",4200,4600,주니어,2025-11-30,2026-09-04,ko,KR,내부 생성,true,manual,dsyn_motion_designer_22,true,낮음,,true,motion_designer.v1 (실제 2건 분포)
syn_motion_designer_024,합성공고,synthetic,,[가상] 시니어 모션·영상 디자이너 (1형),,"4,400~4,900만원",4400,4900,시니어,2026-07-26,2026-09-04,ko,KR,내부 생성,true,manual,dsyn_motion_designer_23,true,낮음,,true,motion_designer.v1 (실제 2건 분포)
syn_motion_designer_025,합성공고,synthetic,,[가상] 신입 모션·영상 디자이너 (1형),,회사 내규에 따름,,,신입,2026-01-01,2026-09-04,ko,KR,내부 생성,true,manual,dsyn_motion_designer_24,true,낮음,,true,motion_designer.v1 (실제 2건 분포)
syn_motion_designer_026,합성공고,synthetic,,[가상] 주니어 모션·영상 디자이너 (1형),,면접 후 협의,,,주니어,2026-03-12,2026-09-04,ko,KR,내부 생성,true,manual,dsyn_motion_designer_25,true,낮음,,true,motion_designer.v1 (실제 2건 분포)
syn_motion_designer_027,합성공고,synthetic,,[가상] 주니어 모션·영상 디자이너 (1형),,면접 후 협의,,,주니어,2026-05-06,2026-09-04,ko,KR,내부 생성,true,manual,dsyn_motion_designer_26,true,낮음,,true,motion_designer.v1 (실제 2건 분포)
syn_motion_designer_028,합성공고,synthetic,,[가상] 시니어 모션·영상 디자이너 (1형),,회사 내규에 따름,,,시니어,2026-01-12,2026-09-04,ko,KR,내부 생성,true,manual,dsyn_motion_designer_27,true,낮음,,true,motion_designer.v1 (실제 2건 분포)
syn_motion_designer_029,합성공고,synthetic,,[가상] 시니어 모션·영상 디자이너 (1형),,"4,400만원 이상",4400,,시니어,2026-03-09,2026-09-04,ko,KR,내부 생성,true,manual,dsyn_motion_designer_28,true,낮음,,true,motion_designer.v1 (실제 2건 분포)
syn_motion_designer_030,합성공고,synthetic,,[가상] 시니어 모션·영상 디자이너 (1형),,"4,400만원 이상",4400,,시니어,2025-12-17,2026-09-04,ko,KR,내부 생성,true,manual,dsyn_motion_designer_29,true,낮음,,true,motion_designer.v1 (실제 2건 분포)
syn_motion_designer_031,합성공고,synthetic,,[가상] 주니어 모션·영상 디자이너 (1형),,면접 후 협의,,,주니어,2026-05-29,2026-09-04,ko,KR,내부 생성,true,manual,dsyn_motion_designer_30,true,낮음,,true,motion_designer.v1 (실제 2건 분포)
syn_motion_designer_032,합성공고,synthetic,,[가상] 리드 모션·영상 디자이너 (1형),,회사 내규에 따름,,,리드,2026-04-21,2026-09-04,ko,KR,내부 생성,true,manual,dsyn_motion_designer_31,true,낮음,,true,motion_designer.v1 (실제 2건 분포)
syn_motion_designer_033,합성공고,synthetic,,[가상] 신입 모션·영상 디자이너 (1형),,"4,000~4,400만원",4000,4400,신입,2026-04-19,2026-09-04,ko,KR,내부 생성,true,manual,dsyn_motion_designer_32,true,낮음,,true,motion_designer.v1 (실제 2건 분포)
syn_motion_designer_034,합성공고,synthetic,,[가상] 주니어 모션·영상 디자이너 (1형),,"4,200만원 이상",4200,,주니어,2026-06-13,2026-09-04,ko,KR,내부 생성,true,manual,dsyn_motion_designer_33,true,낮음,,true,motion_designer.v1 (실제 2건 분포)
syn_motion_designer_035,합성공고,synthetic,,[가상] 신입 모션·영상 디자이너 (1형),,회사 내규에 따름,,,신입,2026-04-29,2026-09-04,ko,KR,내부 생성,true,manual,dsyn_motion_designer_34,true,낮음,,true,motion_designer.v1 (실제 2건 분포)
syn_motion_designer_036,합성공고,synthetic,,[가상] 주니어 모션·영상 디자이너 (1형),,"4,200~4,600만원",4200,4600,주니어,2026-01-24,2026-09-04,ko,KR,내부 생성,true,manual,dsyn_motion_designer_35,true,낮음,,true,motion_designer.v1 (실제 2건 분포)
syn_motion_designer_037,합성공고,synthetic,,[가상] 시니어 모션·영상 디자이너 (1형),,회사 내규에 따름,,,시니어,2026-05-12,2026-09-04,ko,KR,내부 생성,true,manual,dsyn_motion_designer_36,true,낮음,,true,motion_designer.v1 (실제 2건 분포)
syn_motion_designer_038,합성공고,synthetic,,[가상] 신입 모션·영상 디자이너 (1형),,"4,000~4,400만원",4000,4400,신입,2026-06-12,2026-09-04,ko,KR,내부 생성,true,manual,dsyn_motion_designer_37,true,낮음,,true,motion_designer.v1 (실제 2건 분포)
